category,term,ontology,numDEInCat,numInCat,over_represented_FDR,gene_ids,clean_go_term,gene_names,foldEnrichment,depth,all_genes
GO:0070011,NA,NA,63,843,0.00456711696291718,"TRINITY_DN31314_c0_g1_i1, TRINITY_DN45259_c0_g1_i1, TRINITY_DN46370_c0_g1_i2, TRINITY_DN46370_c0_g1_i5, TRINITY_DN47429_c0_g1_i1, TRINITY_DN47537_c0_g1_i3, TRINITY_DN48013_c0_g1_i3, TRINITY_DN48672_c0_g3_i2, TRINITY_DN48896_c2_g1_i2, TRINITY_DN49700_c4_g1_i3, TRINITY_DN49933_c0_g1_i1, TRINITY_DN49933_c0_g1_i2, TRINITY_DN49933_c1_g1_i1, TRINITY_DN49933_c1_g1_i3, TRINITY_DN50878_c0_g1_i8, TRINITY_DN51168_c1_g1_i2, TRINITY_DN51168_c1_g1_i3, TRINITY_DN51168_c1_g1_i6, TRINITY_DN51682_c0_g1_i5, TRINITY_DN53803_c0_g1_i5, TRINITY_DN54009_c0_g1_i1, TRINITY_DN54522_c1_g1_i6, TRINITY_DN54826_c0_g1_i4, TRINITY_DN55122_c0_g1_i3, TRINITY_DN55129_c0_g1_i12, TRINITY_DN55129_c0_g1_i4, TRINITY_DN55332_c1_g1_i29, TRINITY_DN55658_c0_g1_i12, TRINITY_DN55903_c0_g1_i1, TRINITY_DN56584_c0_g1_i5, TRINITY_DN56584_c0_g1_i6, TRINITY_DN57502_c0_g3_i3, TRINITY_DN57621_c1_g3_i1, TRINITY_DN57621_c1_g5_i1, TRINITY_DN57621_c1_g5_i4, TRINITY_DN57852_c0_g1_i1, TRINITY_DN57968_c1_g1_i3, TRINITY_DN57968_c1_g1_i5, TRINITY_DN58281_c1_g1_i4, TRINITY_DN58367_c0_g3_i7, TRINITY_DN58427_c0_g2_i1, TRINITY_DN58562_c1_g1_i14, TRINITY_DN58980_c3_g1_i1, TRINITY_DN59047_c2_g1_i4, TRINITY_DN59047_c2_g1_i5, TRINITY_DN59313_c2_g2_i2, TRINITY_DN59552_c0_g1_i2, TRINITY_DN60350_c3_g2_i2, TRINITY_DN60355_c0_g3_i2, TRINITY_DN60355_c0_g3_i9, TRINITY_DN60994_c0_g1_i2, TRINITY_DN60994_c0_g1_i5, TRINITY_DN60994_c0_g1_i6, TRINITY_DN61241_c0_g2_i6, TRINITY_DN61336_c1_g1_i1, TRINITY_DN61949_c1_g1_i1, TRINITY_DN63117_c2_g1_i1, TRINITY_DN63395_c1_g1_i3, TRINITY_DN63536_c3_g2_i1, TRINITY_DN63801_c1_g2_i1, TRINITY_DN63801_c1_g3_i1, TRINITY_DN64398_c2_g1_i2, TRINITY_DN64398_c2_g1_i4",GO:0070011,"TAF2, CASP7, PSMD7, CALR, NPC1, GALT, PGAM2, ARF1, DHX36, GFPT1, SMOX, ACADM, CBR1, ACADS, ATG7, DLDH, GFPT2, CBR4, RDH5, FNTB, SDSL, CHKB, NFS1, PEX16, VPS18, AP3B2, AP1M1, NDC1, MCAT, PLOD3, ENPP3, CRYL1, GNS, PLCD4, SCP2, ALDH2, HPGDS, ACLY, GSTM2, LIAS, COX11, COX17, ECI3, SPG7, ATAD1, MTRR, EPHA4, RTCB, ACSF2, CDK9, PIM3, FGD6, LRP2, SEC13, AP1S2, AIG1, PTGR1, CTRB1, CLPP, CASP1, PXDN, LIPH, PUS10",0.07473309608540925,0,"TAF2, CASP7, PSMD7, CALR, NPC1, GALT, PGAM2, ARF1, DHX36, GFPT1, SMOX, ACADM, CBR1, ACADS, ATG7, DLDH, GFPT2, CBR4, RDH5, FNTB, SDSL, CHKB, NFS1, PEX16, VPS18, AP3B2, AP1M1, NDC1, MCAT, PLOD3, ENPP3, CRYL1, GNS, PLCD4, SCP2, ALDH2, HPGDS, ACLY, GSTM2, LIAS, COX11, COX17, ECI3, SPG7, ATAD1, MTRR, EPHA4, RTCB, ACSF2, CDK9, PIM3, FGD6, LRP2, SEC13, AP1S2, AIG1, PTGR1, CTRB1, CLPP, CASP1, PXDN, LIPH, PUS10"
GO:0005615,extracellular space,CC,52,635,0.00456711696291718,"TRINITY_DN31314_c0_g1_i1, TRINITY_DN45259_c0_g1_i1, TRINITY_DN47429_c0_g1_i1, TRINITY_DN48013_c0_g1_i3, TRINITY_DN48672_c0_g3_i2, TRINITY_DN49036_c0_g1_i6, TRINITY_DN49512_c3_g2_i5, TRINITY_DN49700_c4_g1_i3, TRINITY_DN50489_c1_g1_i3, TRINITY_DN50489_c1_g1_i5, TRINITY_DN51168_c1_g1_i2, TRINITY_DN51168_c1_g1_i3, TRINITY_DN51168_c1_g1_i6, TRINITY_DN53080_c0_g1_i1, TRINITY_DN53971_c0_g2_i1, TRINITY_DN54375_c0_g1_i1, TRINITY_DN54826_c0_g1_i4, TRINITY_DN55129_c0_g1_i12, TRINITY_DN55129_c0_g1_i4, TRINITY_DN55658_c0_g1_i12, TRINITY_DN56584_c0_g1_i5, TRINITY_DN56584_c0_g1_i6, TRINITY_DN57441_c0_g1_i8, TRINITY_DN57502_c0_g3_i3, TRINITY_DN57503_c2_g1_i3, TRINITY_DN57503_c2_g1_i6, TRINITY_DN57621_c1_g3_i1, TRINITY_DN57621_c1_g5_i1, TRINITY_DN57621_c1_g5_i4, TRINITY_DN57852_c0_g1_i1, TRINITY_DN58002_c0_g4_i1, TRINITY_DN58281_c1_g1_i4, TRINITY_DN59033_c1_g1_i2, TRINITY_DN60350_c3_g2_i2, TRINITY_DN60645_c0_g1_i3, TRINITY_DN60795_c0_g3_i13, TRINITY_DN60795_c0_g3_i8, TRINITY_DN60994_c0_g1_i2, TRINITY_DN60994_c0_g1_i5, TRINITY_DN60994_c0_g1_i6, TRINITY_DN61241_c0_g2_i6, TRINITY_DN61336_c1_g1_i1, TRINITY_DN61437_c1_g2_i9, TRINITY_DN62500_c1_g1_i1, TRINITY_DN62984_c1_g1_i8, TRINITY_DN63117_c2_g1_i1, TRINITY_DN63292_c2_g1_i11, TRINITY_DN63395_c1_g1_i3, TRINITY_DN64312_c2_g1_i6, TRINITY_DN64398_c2_g1_i2, TRINITY_DN64398_c2_g1_i4, TRINITY_DN64727_c1_g1_i4",GO:0005615,"TAF2, CASP7, NPC1, PGAM2, ARF1, GFPT1, DLDH, GFPT2, CBR4, NFS1, VPS18, AP3B2, NDC1, PLOD3, ENPP3, CRYL1, GNS, PLCD4, SCP2, ALDH2, GSTM2, RTCB, PIM3, FGD6, LRP2, SEC13, AP1S2, PTGR1, CTRB1, LIPH, PUS10, TRUB2, EXO1, ADRM1, PPWD1, KLKB1, ZNFX1, ECH1, MRM3, PRSS8, RIDA, ANXA4, CUL5, IPO5, RS3, AQP4, MGA, STX5, ANLN, CPNE8, ESYT2, BOK",0.08188976377952756,3,"TAF2, CASP7, NPC1, PGAM2, ARF1, GFPT1, DLDH, GFPT2, CBR4, NFS1, VPS18, AP3B2, NDC1, PLOD3, ENPP3, CRYL1, GNS, PLCD4, SCP2, ALDH2, GSTM2, RTCB, PIM3, FGD6, LRP2, SEC13, AP1S2, PTGR1, CTRB1, LIPH, PUS10, TRUB2, EXO1, ADRM1, PPWD1, KLKB1, ZNFX1, ECH1, MRM3, PRSS8, RIDA, ANXA4, CUL5, IPO5, RS3, AQP4, MGA, STX5, ANLN, CPNE8, ESYT2, BOK"
GO:0008233,peptidase activity,MF,63,851,0.00456711696291718,"TRINITY_DN31314_c0_g1_i1, TRINITY_DN45259_c0_g1_i1, TRINITY_DN46370_c0_g1_i2, TRINITY_DN46370_c0_g1_i5, TRINITY_DN47429_c0_g1_i1, TRINITY_DN47537_c0_g1_i3, TRINITY_DN48013_c0_g1_i3, TRINITY_DN48672_c0_g3_i2, TRINITY_DN48896_c2_g1_i2, TRINITY_DN49700_c4_g1_i3, TRINITY_DN49933_c0_g1_i1, TRINITY_DN49933_c0_g1_i2, TRINITY_DN49933_c1_g1_i1, TRINITY_DN49933_c1_g1_i3, TRINITY_DN50878_c0_g1_i8, TRINITY_DN51168_c1_g1_i2, TRINITY_DN51168_c1_g1_i3, TRINITY_DN51168_c1_g1_i6, TRINITY_DN51682_c0_g1_i5, TRINITY_DN53803_c0_g1_i5, TRINITY_DN54009_c0_g1_i1, TRINITY_DN54522_c1_g1_i6, TRINITY_DN54826_c0_g1_i4, TRINITY_DN55122_c0_g1_i3, TRINITY_DN55129_c0_g1_i12, TRINITY_DN55129_c0_g1_i4, TRINITY_DN55332_c1_g1_i29, TRINITY_DN55658_c0_g1_i12, TRINITY_DN55903_c0_g1_i1, TRINITY_DN56584_c0_g1_i5, TRINITY_DN56584_c0_g1_i6, TRINITY_DN57502_c0_g3_i3, TRINITY_DN57621_c1_g3_i1, TRINITY_DN57621_c1_g5_i1, TRINITY_DN57621_c1_g5_i4, TRINITY_DN57852_c0_g1_i1, TRINITY_DN57968_c1_g1_i3, TRINITY_DN57968_c1_g1_i5, TRINITY_DN58281_c1_g1_i4, TRINITY_DN58367_c0_g3_i7, TRINITY_DN58427_c0_g2_i1, TRINITY_DN58562_c1_g1_i14, TRINITY_DN58980_c3_g1_i1, TRINITY_DN59047_c2_g1_i4, TRINITY_DN59047_c2_g1_i5, TRINITY_DN59313_c2_g2_i2, TRINITY_DN59552_c0_g1_i2, TRINITY_DN60350_c3_g2_i2, TRINITY_DN60355_c0_g3_i2, TRINITY_DN60355_c0_g3_i9, TRINITY_DN60994_c0_g1_i2, TRINITY_DN60994_c0_g1_i5, TRINITY_DN60994_c0_g1_i6, TRINITY_DN61241_c0_g2_i6, TRINITY_DN61336_c1_g1_i1, TRINITY_DN61949_c1_g1_i1, TRINITY_DN63117_c2_g1_i1, TRINITY_DN63395_c1_g1_i3, TRINITY_DN63536_c3_g2_i1, TRINITY_DN63801_c1_g2_i1, TRINITY_DN63801_c1_g3_i1, TRINITY_DN64398_c2_g1_i2, TRINITY_DN64398_c2_g1_i4",GO:0008233,"TAF2, CASP7, PSMD7, CALR, NPC1, GALT, PGAM2, ARF1, DHX36, GFPT1, SMOX, ACADM, CBR1, ACADS, ATG7, DLDH, GFPT2, CBR4, RDH5, FNTB, SDSL, CHKB, NFS1, PEX16, VPS18, AP3B2, AP1M1, NDC1, MCAT, PLOD3, ENPP3, CRYL1, GNS, PLCD4, SCP2, ALDH2, HPGDS, ACLY, GSTM2, LIAS, COX11, COX17, ECI3, SPG7, ATAD1, MTRR, EPHA4, RTCB, ACSF2, CDK9, PIM3, FGD6, LRP2, SEC13, AP1S2, AIG1, PTGR1, CTRB1, CLPP, CASP1, PXDN, LIPH, PUS10",0.07403055229142186,4,"TAF2, CASP7, PSMD7, CALR, NPC1, GALT, PGAM2, ARF1, DHX36, GFPT1, SMOX, ACADM, CBR1, ACADS, ATG7, DLDH, GFPT2, CBR4, RDH5, FNTB, SDSL, CHKB, NFS1, PEX16, VPS18, AP3B2, AP1M1, NDC1, MCAT, PLOD3, ENPP3, CRYL1, GNS, PLCD4, SCP2, ALDH2, HPGDS, ACLY, GSTM2, LIAS, COX11, COX17, ECI3, SPG7, ATAD1, MTRR, EPHA4, RTCB, ACSF2, CDK9, PIM3, FGD6, LRP2, SEC13, AP1S2, AIG1, PTGR1, CTRB1, CLPP, CASP1, PXDN, LIPH, PUS10"
GO:0005576,extracellular region,CC,77,1088,0.00682424800597067,"TRINITY_DN42468_c0_g1_i1, TRINITY_DN45310_c0_g1_i1, TRINITY_DN46370_c0_g1_i2, TRINITY_DN46370_c0_g1_i5, TRINITY_DN47090_c0_g1_i13, TRINITY_DN47090_c0_g1_i2, TRINITY_DN48013_c0_g1_i3, TRINITY_DN49036_c0_g1_i6, TRINITY_DN49312_c0_g1_i6, TRINITY_DN49374_c0_g1_i1, TRINITY_DN49512_c3_g2_i2, TRINITY_DN49512_c3_g2_i5, TRINITY_DN49700_c4_g1_i3, TRINITY_DN49933_c0_g1_i1, TRINITY_DN49933_c0_g1_i2, TRINITY_DN49933_c1_g1_i1, TRINITY_DN49933_c1_g1_i3, TRINITY_DN49960_c0_g1_i4, TRINITY_DN49960_c0_g1_i5, TRINITY_DN50255_c0_g1_i2, TRINITY_DN50870_c0_g1_i1, TRINITY_DN51461_c0_g3_i2, TRINITY_DN51682_c0_g1_i5, TRINITY_DN52124_c1_g1_i2, TRINITY_DN52245_c0_g1_i8, TRINITY_DN52985_c0_g1_i1, TRINITY_DN52985_c0_g1_i2, TRINITY_DN52985_c0_g1_i3, TRINITY_DN53481_c0_g1_i7, TRINITY_DN53616_c2_g1_i3, TRINITY_DN53803_c0_g1_i5, TRINITY_DN54009_c0_g1_i1, TRINITY_DN54227_c2_g2_i1, TRINITY_DN55043_c0_g2_i6, TRINITY_DN55096_c0_g1_i4, TRINITY_DN55129_c0_g1_i12, TRINITY_DN55129_c0_g1_i4, TRINITY_DN55131_c0_g1_i2, TRINITY_DN55658_c0_g1_i12, TRINITY_DN55816_c0_g1_i5, TRINITY_DN55903_c0_g1_i1, TRINITY_DN56016_c1_g1_i5, TRINITY_DN57968_c1_g1_i3, TRINITY_DN58281_c1_g1_i4, TRINITY_DN58367_c0_g3_i7, TRINITY_DN58427_c0_g2_i1, TRINITY_DN60645_c0_g1_i3, TRINITY_DN61241_c0_g2_i6",GO:0005576,"PSMD7, CALR, PGAM2, GFPT1, SMOX, ACADM, CBR1, ACADS, RDH5, FNTB, SDSL, VPS18, AP3B2, NDC1, MCAT, HPGDS, GSTM2, LIAS, COX11, SEC13, TRUB2, EXO1, IPO5, CRYAA, SON, CLU, RYBP, RWDD1, CNPY2, ELF1, BEST3, CIR1, ARNT, CANB, NDG, PDI, RUMI, MARF, HSP83, PCH2, TOM70, COLD, SALM, TOM20, SELT, MTP, OST48, LOLAL",0.07077205882352941,2,"PSMD7, CALR, PGAM2, GFPT1, SMOX, ACADM, CBR1, ACADS, RDH5, FNTB, SDSL, VPS18, AP3B2, NDC1, MCAT, HPGDS, GSTM2, LIAS, COX11, SEC13, TRUB2, EXO1, IPO5, CRYAA, SON, CLU, RYBP, RWDD1, CNPY2, ELF1, BEST3, CIR1, ARNT, CANB, NDG, PDI, RUMI, MARF, HSP83, PCH2, TOM70, COLD, SALM, TOM20, SELT, MTP, OST48, LOLAL"
GO:0072014,proximal tubule development,BP,5,9,0.0232649901051019,"TRINITY_DN50489_c1_g1_i3, TRINITY_DN50489_c1_g1_i5, TRINITY_DN56584_c0_g1_i5, TRINITY_DN60994_c0_g1_i5, TRINITY_DN60994_c0_g1_i6",GO:0072014,"PLOD3, FGD6, LRP2, ADRM1, PPWD1",0.5555555555555556,17,"PLOD3, FGD6, LRP2, ADRM1, PPWD1"
GO:0072237,metanephric proximal tubule development,BP,5,9,0.0232649901051019,"TRINITY_DN50489_c1_g1_i3, TRINITY_DN50489_c1_g1_i5, TRINITY_DN56584_c0_g1_i5, TRINITY_DN60994_c0_g1_i5, TRINITY_DN60994_c0_g1_i6",GO:0072237,"PLOD3, FGD6, LRP2, ADRM1, PPWD1",0.5555555555555556,23,"PLOD3, FGD6, LRP2, ADRM1, PPWD1"
GO:0004175,endopeptidase activity,MF,44,567,0.0232649901051019,"TRINITY_DN31314_c0_g1_i1, TRINITY_DN46370_c0_g1_i2, TRINITY_DN46370_c0_g1_i5, TRINITY_DN47429_c0_g1_i1, TRINITY_DN48013_c0_g1_i3, TRINITY_DN48896_c2_g1_i2, TRINITY_DN49700_c4_g1_i3, TRINITY_DN49933_c0_g1_i1, TRINITY_DN49933_c0_g1_i2, TRINITY_DN49933_c1_g1_i1, TRINITY_DN49933_c1_g1_i3, TRINITY_DN50878_c0_g1_i8, TRINITY_DN51168_c1_g1_i2, TRINITY_DN51168_c1_g1_i3, TRINITY_DN51168_c1_g1_i6, TRINITY_DN51682_c0_g1_i5, TRINITY_DN53803_c0_g1_i5, TRINITY_DN54009_c0_g1_i1, TRINITY_DN54522_c1_g1_i6, TRINITY_DN54826_c0_g1_i4, TRINITY_DN55122_c0_g1_i3, TRINITY_DN55129_c0_g1_i12, TRINITY_DN55129_c0_g1_i4, TRINITY_DN55332_c1_g1_i29, TRINITY_DN55658_c0_g1_i12, TRINITY_DN55903_c0_g1_i1, TRINITY_DN57502_c0_g3_i3, TRINITY_DN57852_c0_g1_i1, TRINITY_DN57968_c1_g1_i3, TRINITY_DN57968_c1_g1_i5, TRINITY_DN58367_c0_g3_i7, TRINITY_DN58427_c0_g2_i1, TRINITY_DN58562_c1_g1_i14, TRINITY_DN58980_c3_g1_i1, TRINITY_DN59313_c2_g2_i2, TRINITY_DN60350_c3_g2_i2, TRINITY_DN60355_c0_g3_i2, TRINITY_DN60355_c0_g3_i9, TRINITY_DN61241_c0_g2_i6, TRINITY_DN61336_c1_g1_i1, TRINITY_DN61949_c1_g1_i1, TRINITY_DN63536_c3_g2_i1, TRINITY_DN64398_c2_g1_i2, TRINITY_DN64398_c2_g1_i4",GO:0004175,"TAF2, PSMD7, CALR, NPC1, PGAM2, DHX36, GFPT1, SMOX, ACADM, CBR1, ACADS, ATG7, DLDH, GFPT2, CBR4, RDH5, FNTB, SDSL, CHKB, NFS1, PEX16, VPS18, AP3B2, AP1M1, NDC1, MCAT, CRYL1, ALDH2, HPGDS, ACLY, LIAS, COX11, COX17, ECI3, MTRR, RTCB, ACSF2, CDK9, SEC13, AP1S2, AIG1, CLPP, LIPH, PUS10",0.07760141093474426,5,"TAF2, PSMD7, CALR, NPC1, PGAM2, DHX36, GFPT1, SMOX, ACADM, CBR1, ACADS, ATG7, DLDH, GFPT2, CBR4, RDH5, FNTB, SDSL, CHKB, NFS1, PEX16, VPS18, AP3B2, AP1M1, NDC1, MCAT, CRYL1, ALDH2, HPGDS, ACLY, LIAS, COX11, COX17, ECI3, MTRR, RTCB, ACSF2, CDK9, SEC13, AP1S2, AIG1, CLPP, LIPH, PUS10"
GO:0043171,peptide catabolic process,BP,13,78,0.0232649901051019,"TRINITY_DN45259_c0_g1_i1, TRINITY_DN48672_c0_g3_i2, TRINITY_DN56584_c0_g1_i5, TRINITY_DN56584_c0_g1_i6, TRINITY_DN57621_c1_g3_i1, TRINITY_DN57621_c1_g5_i1, TRINITY_DN57621_c1_g5_i4, TRINITY_DN60994_c0_g1_i2, TRINITY_DN60994_c0_g1_i5, TRINITY_DN60994_c0_g1_i6, TRINITY_DN63117_c2_g1_i1, TRINITY_DN63395_c1_g1_i3, TRINITY_DN63801_c1_g3_i1",GO:0043171,"CASP7, ARF1, PLOD3, ENPP3, GNS, PLCD4, SCP2, PIM3, FGD6, LRP2, PTGR1, CTRB1, PXDN",0.16666666666666666,7,"CASP7, ARF1, PLOD3, ENPP3, GNS, PLCD4, SCP2, PIM3, FGD6, LRP2, PTGR1, CTRB1, PXDN"
GO:0072170,metanephric tubule development,BP,5,10,0.0289319481297833,"TRINITY_DN50489_c1_g1_i3, TRINITY_DN50489_c1_g1_i5, TRINITY_DN56584_c0_g1_i5, TRINITY_DN60994_c0_g1_i5, TRINITY_DN60994_c0_g1_i6",GO:0072170,"PLOD3, FGD6, LRP2, ADRM1, PPWD1",0.5,15,"PLOD3, FGD6, LRP2, ADRM1, PPWD1"
GO:0072207,metanephric epithelium development,BP,5,10,0.0289319481297833,"TRINITY_DN50489_c1_g1_i3, TRINITY_DN50489_c1_g1_i5, TRINITY_DN56584_c0_g1_i5, TRINITY_DN60994_c0_g1_i5, TRINITY_DN60994_c0_g1_i6",GO:0072207,"PLOD3, FGD6, LRP2, ADRM1, PPWD1",0.5,13,"PLOD3, FGD6, LRP2, ADRM1, PPWD1"
GO:0072234,metanephric nephron tubule development,BP,5,10,0.0289319481297833,"TRINITY_DN50489_c1_g1_i3, TRINITY_DN50489_c1_g1_i5, TRINITY_DN56584_c0_g1_i5, TRINITY_DN60994_c0_g1_i5, TRINITY_DN60994_c0_g1_i6",GO:0072234,"PLOD3, FGD6, LRP2, ADRM1, PPWD1",0.5,21,"PLOD3, FGD6, LRP2, ADRM1, PPWD1"
GO:0072243,metanephric nephron epithelium development,BP,5,10,0.0289319481297833,"TRINITY_DN50489_c1_g1_i3, TRINITY_DN50489_c1_g1_i5, TRINITY_DN56584_c0_g1_i5, TRINITY_DN60994_c0_g1_i5, TRINITY_DN60994_c0_g1_i6",GO:0072243,"PLOD3, FGD6, LRP2, ADRM1, PPWD1",0.5,16,"PLOD3, FGD6, LRP2, ADRM1, PPWD1"
GO:0000272,polysaccharide catabolic process,BP,24,229,0.0369030703608764,"TRINITY_DN49036_c0_g1_i6, TRINITY_DN49512_c3_g2_i5, TRINITY_DN49960_c0_g1_i4, TRINITY_DN49960_c0_g1_i5, TRINITY_DN50870_c0_g1_i1, TRINITY_DN59033_c1_g1_i2, TRINITY_DN64727_c1_g1_i4",GO:0000272,"TRUB2, EXO1, CUL5, BOK, BEST3, CIR1, CANB",0.10480349344978167,9,"TRUB2, EXO1, CUL5, BOK, BEST3, CIR1, CANB"
GO:0030243,cellulose metabolic process,BP,14,89,0.0369030703608764,"TRINITY_DN49960_c0_g1_i4, TRINITY_DN49960_c0_g1_i5, TRINITY_DN50870_c0_g1_i1",GO:0030243,"BEST3, CIR1, CANB",0.15730337078651688,8,"BEST3, CIR1, CANB"
GO:0030245,cellulose catabolic process,BP,14,89,0.0369030703608764,"TRINITY_DN49960_c0_g1_i4, TRINITY_DN49960_c0_g1_i5, TRINITY_DN50870_c0_g1_i1",GO:0030245,"BEST3, CIR1, CANB",0.15730337078651688,15,"BEST3, CIR1, CANB"
GO:0051275,beta-glucan catabolic process,BP,14,89,0.0369030703608764,"TRINITY_DN49960_c0_g1_i4, TRINITY_DN49960_c0_g1_i5, TRINITY_DN50870_c0_g1_i1",GO:0051275,"BEST3, CIR1, CANB",0.15730337078651688,13,"BEST3, CIR1, CANB"
GO:0004553,"hydrolase activity, hydrolyzing O-glycosyl compounds",MF,32,355,0.0369030703608764,"TRINITY_DN47090_c0_g1_i13, TRINITY_DN47090_c0_g1_i2, TRINITY_DN49036_c0_g1_i6, TRINITY_DN49374_c0_g1_i1, TRINITY_DN49512_c3_g2_i5, TRINITY_DN49960_c0_g1_i4, TRINITY_DN49960_c0_g1_i5, TRINITY_DN50870_c0_g1_i1",GO:0004553,"TRUB2, EXO1, CLU, RYBP, CNPY2, BEST3, CIR1, CANB",0.09014084507042254,4,"TRUB2, EXO1, CLU, RYBP, CNPY2, BEST3, CIR1, CANB"
GO:0016052,carbohydrate catabolic process,BP,33,369,0.0369030703608764,"TRINITY_DN49036_c0_g1_i6, TRINITY_DN49512_c3_g2_i5, TRINITY_DN49960_c0_g1_i4, TRINITY_DN49960_c0_g1_i5, TRINITY_DN50870_c0_g1_i1, TRINITY_DN57503_c2_g1_i3, TRINITY_DN57503_c2_g1_i6, TRINITY_DN59033_c1_g1_i2, TRINITY_DN61437_c1_g2_i9, TRINITY_DN64727_c1_g1_i4",GO:0016052,"TRUB2, EXO1, PRSS8, RIDA, CUL5, MGA, BOK, BEST3, CIR1, CANB",0.08943089430894309,5,"TRUB2, EXO1, PRSS8, RIDA, CUL5, MGA, BOK, BEST3, CIR1, CANB"
GO:0004252,serine-type endopeptidase activity,MF,26,278,0.0369030703608764,"TRINITY_DN46370_c0_g1_i2, TRINITY_DN46370_c0_g1_i5, TRINITY_DN48013_c0_g1_i3, TRINITY_DN49700_c4_g1_i3, TRINITY_DN49933_c0_g1_i1, TRINITY_DN49933_c0_g1_i2, TRINITY_DN49933_c1_g1_i1, TRINITY_DN49933_c1_g1_i3, TRINITY_DN50878_c0_g1_i8, TRINITY_DN51168_c1_g1_i2, TRINITY_DN51168_c1_g1_i3, TRINITY_DN51168_c1_g1_i6, TRINITY_DN51682_c0_g1_i5, TRINITY_DN54009_c0_g1_i1, TRINITY_DN55658_c0_g1_i12, TRINITY_DN57502_c0_g3_i3, TRINITY_DN57852_c0_g1_i1, TRINITY_DN58367_c0_g3_i7, TRINITY_DN58427_c0_g2_i1, TRINITY_DN58562_c1_g1_i14, TRINITY_DN58980_c3_g1_i1, TRINITY_DN59313_c2_g2_i2, TRINITY_DN60350_c3_g2_i2, TRINITY_DN61241_c0_g2_i6, TRINITY_DN64398_c2_g1_i2, TRINITY_DN64398_c2_g1_i4",GO:0004252,"PSMD7, CALR, PGAM2, GFPT1, SMOX, ACADM, CBR1, ACADS, ATG7, DLDH, GFPT2, CBR4, RDH5, SDSL, NDC1, CRYL1, ALDH2, LIAS, COX11, COX17, ECI3, MTRR, RTCB, SEC13, LIPH, PUS10",0.09352517985611512,8,"PSMD7, CALR, PGAM2, GFPT1, SMOX, ACADM, CBR1, ACADS, ATG7, DLDH, GFPT2, CBR4, RDH5, SDSL, NDC1, CRYL1, ALDH2, LIAS, COX11, COX17, ECI3, MTRR, RTCB, SEC13, LIPH, PUS10"
GO:0051273,beta-glucan metabolic process,BP,14,90,0.0369030703608764,"TRINITY_DN49960_c0_g1_i4, TRINITY_DN49960_c0_g1_i5, TRINITY_DN50870_c0_g1_i1",GO:0051273,"BEST3, CIR1, CANB",0.15555555555555556,7,"BEST3, CIR1, CANB"
GO:0016162,"cellulose 1,4-beta-cellobiosidase activity",MF,8,31,0.0389548552522912,"TRINITY_DN49960_c0_g1_i4, TRINITY_DN49960_c0_g1_i5, TRINITY_DN50870_c0_g1_i1",GO:0016162,"BEST3, CIR1, CANB",0.25806451612903225,5,"BEST3, CIR1, CANB"
GO:0016787,hydrolase activity,MF,158,2953,0.0401102808371191,"TRINITY_DN31314_c0_g1_i1, TRINITY_DN45259_c0_g1_i1, TRINITY_DN46370_c0_g1_i2, TRINITY_DN46370_c0_g1_i5, TRINITY_DN47090_c0_g1_i13, TRINITY_DN47090_c0_g1_i2, TRINITY_DN47429_c0_g1_i1, TRINITY_DN47537_c0_g1_i3, TRINITY_DN48013_c0_g1_i3, TRINITY_DN48672_c0_g3_i2, TRINITY_DN48896_c2_g1_i2, TRINITY_DN49036_c0_g1_i6, TRINITY_DN49374_c0_g1_i1, TRINITY_DN49512_c3_g2_i5, TRINITY_DN49700_c4_g1_i3, TRINITY_DN49933_c0_g1_i1, TRINITY_DN49933_c0_g1_i2, TRINITY_DN49933_c1_g1_i1, TRINITY_DN49933_c1_g1_i3, TRINITY_DN49960_c0_g1_i4, TRINITY_DN49960_c0_g1_i5, TRINITY_DN50870_c0_g1_i1, TRINITY_DN50878_c0_g1_i8, TRINITY_DN51168_c1_g1_i2, TRINITY_DN51168_c1_g1_i3, TRINITY_DN51168_c1_g1_i6, TRINITY_DN51461_c0_g3_i2, TRINITY_DN51682_c0_g1_i5, TRINITY_DN52124_c1_g1_i2, TRINITY_DN52985_c0_g1_i1, TRINITY_DN52985_c0_g1_i2, TRINITY_DN52985_c0_g1_i3, TRINITY_DN53803_c0_g1_i5, TRINITY_DN53971_c0_g2_i1, TRINITY_DN54009_c0_g1_i1, TRINITY_DN54522_c1_g1_i6, TRINITY_DN54826_c0_g1_i4, TRINITY_DN55122_c0_g1_i3, TRINITY_DN55129_c0_g1_i12, TRINITY_DN55129_c0_g1_i4, TRINITY_DN55332_c1_g1_i29, TRINITY_DN55658_c0_g1_i12, TRINITY_DN55903_c0_g1_i1, TRINITY_DN56584_c0_g1_i5, TRINITY_DN56584_c0_g1_i6, TRINITY_DN57502_c0_g3_i3, TRINITY_DN57621_c1_g3_i1, TRINITY_DN57621_c1_g5_i1, TRINITY_DN57621_c1_g5_i4, TRINITY_DN57852_c0_g1_i1, TRINITY_DN57968_c1_g1_i3, TRINITY_DN57968_c1_g1_i5, TRINITY_DN58281_c1_g1_i4, TRINITY_DN58367_c0_g3_i7, TRINITY_DN58427_c0_g2_i1, TRINITY_DN58562_c1_g1_i14, TRINITY_DN58980_c3_g1_i1, TRINITY_DN59033_c1_g1_i2, TRINITY_DN59047_c2_g1_i4, TRINITY_DN59047_c2_g1_i5, TRINITY_DN59313_c2_g2_i2, TRINITY_DN59552_c0_g1_i2, TRINITY_DN60350_c3_g2_i2, TRINITY_DN60355_c0_g3_i2, TRINITY_DN60355_c0_g3_i9, TRINITY_DN60994_c0_g1_i2, TRINITY_DN60994_c0_g1_i5, TRINITY_DN60994_c0_g1_i6, TRINITY_DN61241_c0_g2_i6, TRINITY_DN61336_c1_g1_i1, TRINITY_DN61949_c1_g1_i1, TRINITY_DN63117_c2_g1_i1, TRINITY_DN63292_c2_g1_i11, TRINITY_DN63395_c1_g1_i3, TRINITY_DN63536_c3_g2_i1, TRINITY_DN63801_c1_g2_i1, TRINITY_DN63801_c1_g3_i1, TRINITY_DN64398_c2_g1_i2, TRINITY_DN64398_c2_g1_i4, TRINITY_DN64727_c1_g1_i4",GO:0016787,"TAF2, CASP7, PSMD7, CALR, NPC1, GALT, PGAM2, ARF1, DHX36, GFPT1, SMOX, ACADM, CBR1, ACADS, ATG7, DLDH, GFPT2, CBR4, RDH5, FNTB, SDSL, CHKB, NFS1, PEX16, VPS18, AP3B2, AP1M1, NDC1, MCAT, PLOD3, ENPP3, CRYL1, GNS, PLCD4, SCP2, ALDH2, HPGDS, ACLY, GSTM2, LIAS, COX11, COX17, ECI3, SPG7, ATAD1, MTRR, EPHA4, RTCB, ACSF2, CDK9, PIM3, FGD6, LRP2, SEC13, AP1S2, AIG1, PTGR1, CTRB1, CLPP, CASP1, PXDN, LIPH, PUS10, TRUB2, EXO1, ZNFX1, CUL5, CPNE8, BOK, CLU, RYBP, CNPY2, BEST3, CIR1, CANB, NDG, PDI, MARF, HSP83, PCH2",0.05350491026075178,2,"TAF2, CASP7, PSMD7, CALR, NPC1, GALT, PGAM2, ARF1, DHX36, GFPT1, SMOX, ACADM, CBR1, ACADS, ATG7, DLDH, GFPT2, CBR4, RDH5, FNTB, SDSL, CHKB, NFS1, PEX16, VPS18, AP3B2, AP1M1, NDC1, MCAT, PLOD3, ENPP3, CRYL1, GNS, PLCD4, SCP2, ALDH2, HPGDS, ACLY, GSTM2, LIAS, COX11, COX17, ECI3, SPG7, ATAD1, MTRR, EPHA4, RTCB, ACSF2, CDK9, PIM3, FGD6, LRP2, SEC13, AP1S2, AIG1, PTGR1, CTRB1, CLPP, CASP1, PXDN, LIPH, PUS10, TRUB2, EXO1, ZNFX1, CUL5, CPNE8, BOK, CLU, RYBP, CNPY2, BEST3, CIR1, CANB, NDG, PDI, MARF, HSP83, PCH2"
GO:0008235,metalloexopeptidase activity,MF,17,138,0.0401102808371191,"TRINITY_DN45259_c0_g1_i1, TRINITY_DN48672_c0_g3_i2, TRINITY_DN56584_c0_g1_i5, TRINITY_DN56584_c0_g1_i6, TRINITY_DN57621_c1_g3_i1, TRINITY_DN57621_c1_g5_i1, TRINITY_DN57621_c1_g5_i4, TRINITY_DN58281_c1_g1_i4, TRINITY_DN59047_c2_g1_i4, TRINITY_DN59047_c2_g1_i5, TRINITY_DN60994_c0_g1_i2, TRINITY_DN60994_c0_g1_i5, TRINITY_DN60994_c0_g1_i6, TRINITY_DN63117_c2_g1_i1, TRINITY_DN63395_c1_g1_i3, TRINITY_DN63801_c1_g2_i1, TRINITY_DN63801_c1_g3_i1",GO:0008235,"CASP7, ARF1, PLOD3, ENPP3, GNS, PLCD4, SCP2, GSTM2, SPG7, ATAD1, PIM3, FGD6, LRP2, PTGR1, CTRB1, CASP1, PXDN",0.12318840579710146,7,"CASP7, ARF1, PLOD3, ENPP3, GNS, PLCD4, SCP2, GSTM2, SPG7, ATAD1, PIM3, FGD6, LRP2, PTGR1, CTRB1, CASP1, PXDN"
GO:0016798,"hydrolase activity, acting on glycosyl bonds",MF,33,382,0.0401102808371191,"TRINITY_DN47090_c0_g1_i13, TRINITY_DN47090_c0_g1_i2, TRINITY_DN49036_c0_g1_i6, TRINITY_DN49374_c0_g1_i1, TRINITY_DN49512_c3_g2_i5, TRINITY_DN49960_c0_g1_i4, TRINITY_DN49960_c0_g1_i5, TRINITY_DN50870_c0_g1_i1, TRINITY_DN63292_c2_g1_i11",GO:0016798,"TRUB2, EXO1, CPNE8, CLU, RYBP, CNPY2, BEST3, CIR1, CANB",0.08638743455497383,3,"TRUB2, EXO1, CPNE8, CLU, RYBP, CNPY2, BEST3, CIR1, CANB"
GO:0008237,metallopeptidase activity,MF,26,287,0.0579471511749335,"TRINITY_DN45259_c0_g1_i1, TRINITY_DN47537_c0_g1_i3, TRINITY_DN48672_c0_g3_i2, TRINITY_DN53803_c0_g1_i5, TRINITY_DN55122_c0_g1_i3, TRINITY_DN55903_c0_g1_i1, TRINITY_DN56584_c0_g1_i5, TRINITY_DN56584_c0_g1_i6, TRINITY_DN57621_c1_g3_i1, TRINITY_DN57621_c1_g5_i1, TRINITY_DN57621_c1_g5_i4, TRINITY_DN57968_c1_g1_i3, TRINITY_DN57968_c1_g1_i5, TRINITY_DN58281_c1_g1_i4, TRINITY_DN59047_c2_g1_i4, TRINITY_DN59047_c2_g1_i5, TRINITY_DN59552_c0_g1_i2, TRINITY_DN60994_c0_g1_i2, TRINITY_DN60994_c0_g1_i5, TRINITY_DN60994_c0_g1_i6, TRINITY_DN61336_c1_g1_i1, TRINITY_DN61949_c1_g1_i1, TRINITY_DN63117_c2_g1_i1, TRINITY_DN63395_c1_g1_i3, TRINITY_DN63801_c1_g2_i1, TRINITY_DN63801_c1_g3_i1",GO:0008237,"CASP7, GALT, ARF1, FNTB, PEX16, MCAT, PLOD3, ENPP3, GNS, PLCD4, SCP2, HPGDS, ACLY, GSTM2, SPG7, ATAD1, EPHA4, PIM3, FGD6, LRP2, AP1S2, AIG1, PTGR1, CTRB1, CASP1, PXDN",0.09059233449477352,5,"CASP7, GALT, ARF1, FNTB, PEX16, MCAT, PLOD3, ENPP3, GNS, PLCD4, SCP2, HPGDS, ACLY, GSTM2, SPG7, ATAD1, EPHA4, PIM3, FGD6, LRP2, AP1S2, AIG1, PTGR1, CTRB1, CASP1, PXDN"
GO:0009251,glucan catabolic process,BP,16,124,0.0599492961115825,"TRINITY_DN49960_c0_g1_i4, TRINITY_DN49960_c0_g1_i5, TRINITY_DN50870_c0_g1_i1",GO:0009251,"BEST3, CIR1, CANB",0.12903225806451613,11,"BEST3, CIR1, CANB"
GO:0072009,nephron epithelium development,BP,5,14,0.0599492961115825,"TRINITY_DN50489_c1_g1_i3, TRINITY_DN50489_c1_g1_i5, TRINITY_DN56584_c0_g1_i5, TRINITY_DN60994_c0_g1_i5, TRINITY_DN60994_c0_g1_i6",GO:0072009,"PLOD3, FGD6, LRP2, ADRM1, PPWD1",0.35714285714285715,13,"PLOD3, FGD6, LRP2, ADRM1, PPWD1"
GO:0072080,nephron tubule development,BP,5,14,0.0599492961115825,"TRINITY_DN50489_c1_g1_i3, TRINITY_DN50489_c1_g1_i5, TRINITY_DN56584_c0_g1_i5, TRINITY_DN60994_c0_g1_i5, TRINITY_DN60994_c0_g1_i6",GO:0072080,"PLOD3, FGD6, LRP2, ADRM1, PPWD1",0.35714285714285715,16,"PLOD3, FGD6, LRP2, ADRM1, PPWD1"
GO:0044247,cellular polysaccharide catabolic process,BP,16,125,0.0657819043970185,"TRINITY_DN49960_c0_g1_i4, TRINITY_DN49960_c0_g1_i5, TRINITY_DN50870_c0_g1_i1",GO:0044247,"BEST3, CIR1, CANB",0.128,0,"BEST3, CIR1, CANB"
GO:0031526,brush border membrane,CC,7,32,0.0964392297692739,"TRINITY_DN50489_c1_g1_i3, TRINITY_DN50489_c1_g1_i5, TRINITY_DN56584_c0_g1_i5, TRINITY_DN60994_c0_g1_i5, TRINITY_DN60994_c0_g1_i6, TRINITY_DN63117_c2_g1_i1",GO:0031526,"PLOD3, FGD6, LRP2, PTGR1, ADRM1, PPWD1",0.21875,11,"PLOD3, FGD6, LRP2, PTGR1, ADRM1, PPWD1"
GO:0008236,serine-type peptidase activity,MF,26,306,0.112756998647635,"TRINITY_DN46370_c0_g1_i2, TRINITY_DN46370_c0_g1_i5, TRINITY_DN48013_c0_g1_i3, TRINITY_DN49700_c4_g1_i3, TRINITY_DN49933_c0_g1_i1, TRINITY_DN49933_c0_g1_i2, TRINITY_DN49933_c1_g1_i1, TRINITY_DN49933_c1_g1_i3, TRINITY_DN50878_c0_g1_i8, TRINITY_DN51168_c1_g1_i2, TRINITY_DN51168_c1_g1_i3, TRINITY_DN51168_c1_g1_i6, TRINITY_DN51682_c0_g1_i5, TRINITY_DN54009_c0_g1_i1, TRINITY_DN55658_c0_g1_i12, TRINITY_DN57502_c0_g3_i3, TRINITY_DN57852_c0_g1_i1, TRINITY_DN58367_c0_g3_i7, TRINITY_DN58427_c0_g2_i1, TRINITY_DN58562_c1_g1_i14, TRINITY_DN58980_c3_g1_i1, TRINITY_DN59313_c2_g2_i2, TRINITY_DN60350_c3_g2_i2, TRINITY_DN61241_c0_g2_i6, TRINITY_DN64398_c2_g1_i2, TRINITY_DN64398_c2_g1_i4",GO:0008236,"PSMD7, CALR, PGAM2, GFPT1, SMOX, ACADM, CBR1, ACADS, ATG7, DLDH, GFPT2, CBR4, RDH5, SDSL, NDC1, CRYL1, ALDH2, LIAS, COX11, COX17, ECI3, MTRR, RTCB, SEC13, LIPH, PUS10",0.08496732026143791,6,"PSMD7, CALR, PGAM2, GFPT1, SMOX, ACADM, CBR1, ACADS, ATG7, DLDH, GFPT2, CBR4, RDH5, SDSL, NDC1, CRYL1, ALDH2, LIAS, COX11, COX17, ECI3, MTRR, RTCB, SEC13, LIPH, PUS10"
GO:0044275,cellular carbohydrate catabolic process,BP,17,147,0.114056002968124,"TRINITY_DN49960_c0_g1_i4, TRINITY_DN49960_c0_g1_i5, TRINITY_DN50870_c0_g1_i1",GO:0044275,"BEST3, CIR1, CANB",0.11564625850340138,0,"BEST3, CIR1, CANB"
GO:0017171,serine hydrolase activity,MF,26,310,0.118764471386722,"TRINITY_DN46370_c0_g1_i2, TRINITY_DN46370_c0_g1_i5, TRINITY_DN48013_c0_g1_i3, TRINITY_DN49700_c4_g1_i3, TRINITY_DN49933_c0_g1_i1, TRINITY_DN49933_c0_g1_i2, TRINITY_DN49933_c1_g1_i1, TRINITY_DN49933_c1_g1_i3, TRINITY_DN50878_c0_g1_i8, TRINITY_DN51168_c1_g1_i2, TRINITY_DN51168_c1_g1_i3, TRINITY_DN51168_c1_g1_i6, TRINITY_DN51682_c0_g1_i5, TRINITY_DN54009_c0_g1_i1, TRINITY_DN55658_c0_g1_i12, TRINITY_DN57502_c0_g3_i3, TRINITY_DN57852_c0_g1_i1, TRINITY_DN58367_c0_g3_i7, TRINITY_DN58427_c0_g2_i1, TRINITY_DN58562_c1_g1_i14, TRINITY_DN58980_c3_g1_i1, TRINITY_DN59313_c2_g2_i2, TRINITY_DN60350_c3_g2_i2, TRINITY_DN61241_c0_g2_i6, TRINITY_DN64398_c2_g1_i2, TRINITY_DN64398_c2_g1_i4",GO:0017171,"PSMD7, CALR, PGAM2, GFPT1, SMOX, ACADM, CBR1, ACADS, ATG7, DLDH, GFPT2, CBR4, RDH5, SDSL, NDC1, CRYL1, ALDH2, LIAS, COX11, COX17, ECI3, MTRR, RTCB, SEC13, LIPH, PUS10",0.08387096774193549,3,"PSMD7, CALR, PGAM2, GFPT1, SMOX, ACADM, CBR1, ACADS, ATG7, DLDH, GFPT2, CBR4, RDH5, SDSL, NDC1, CRYL1, ALDH2, LIAS, COX11, COX17, ECI3, MTRR, RTCB, SEC13, LIPH, PUS10"
GO:0070006,metalloaminopeptidase activity,MF,9,58,0.184935105835339,"TRINITY_DN45259_c0_g1_i1, TRINITY_DN56584_c0_g1_i5, TRINITY_DN56584_c0_g1_i6, TRINITY_DN60994_c0_g1_i2, TRINITY_DN60994_c0_g1_i5, TRINITY_DN60994_c0_g1_i6, TRINITY_DN63117_c2_g1_i1, TRINITY_DN63801_c1_g2_i1, TRINITY_DN63801_c1_g3_i1",GO:0070006,"CASP7, PLOD3, ENPP3, PIM3, FGD6, LRP2, PTGR1, CASP1, PXDN",0.15517241379310345,9,"CASP7, PLOD3, ENPP3, PIM3, FGD6, LRP2, PTGR1, CASP1, PXDN"
GO:0030246,carbohydrate binding,MF,23,252,0.192008828455906,"TRINITY_DN47090_c0_g1_i13, TRINITY_DN47090_c0_g1_i2, TRINITY_DN53080_c0_g1_i1, TRINITY_DN60645_c0_g1_i3, TRINITY_DN60795_c0_g3_i13, TRINITY_DN60795_c0_g3_i8",GO:0030246,"KLKB1, IPO5, RS3, AQP4, CLU, RYBP",0.09126984126984128,2,"KLKB1, IPO5, RS3, AQP4, CLU, RYBP"
GO:1901575,organic substance catabolic process,BP,100,1797,0.226444987563908,"TRINITY_DN45259_c0_g1_i1, TRINITY_DN47429_c0_g1_i1, TRINITY_DN48672_c0_g3_i2, TRINITY_DN49036_c0_g1_i6, TRINITY_DN49374_c0_g1_i1, TRINITY_DN49512_c3_g2_i5, TRINITY_DN49960_c0_g1_i4, TRINITY_DN49960_c0_g1_i5, TRINITY_DN50255_c0_g1_i2, TRINITY_DN50870_c0_g1_i1, TRINITY_DN51461_c0_g3_i2, TRINITY_DN52124_c1_g1_i2, TRINITY_DN53080_c0_g1_i1, TRINITY_DN53971_c0_g2_i1, TRINITY_DN56584_c0_g1_i5, TRINITY_DN56584_c0_g1_i6, TRINITY_DN57503_c2_g1_i3, TRINITY_DN57503_c2_g1_i6, TRINITY_DN57621_c1_g3_i1, TRINITY_DN57621_c1_g5_i1, TRINITY_DN57621_c1_g5_i4, TRINITY_DN58562_c1_g1_i14, TRINITY_DN59033_c1_g1_i2, TRINITY_DN59047_c2_g1_i4, TRINITY_DN59552_c0_g1_i2, TRINITY_DN60994_c0_g1_i2, TRINITY_DN60994_c0_g1_i5, TRINITY_DN60994_c0_g1_i6, TRINITY_DN61437_c1_g2_i9, TRINITY_DN63117_c2_g1_i1, TRINITY_DN63292_c2_g1_i11, TRINITY_DN63395_c1_g1_i3, TRINITY_DN63801_c1_g3_i1, TRINITY_DN64727_c1_g1_i4",GO:1901575,"CASP7, NPC1, ARF1, PLOD3, ENPP3, GNS, PLCD4, SCP2, COX17, SPG7, EPHA4, PIM3, FGD6, LRP2, PTGR1, CTRB1, PXDN, TRUB2, EXO1, KLKB1, ZNFX1, PRSS8, RIDA, CUL5, MGA, CPNE8, BOK, CNPY2, BEST3, CIR1, ARNT, CANB, NDG, PDI",0.05564830272676683,0,"CASP7, NPC1, ARF1, PLOD3, ENPP3, GNS, PLCD4, SCP2, COX17, SPG7, EPHA4, PIM3, FGD6, LRP2, PTGR1, CTRB1, PXDN, TRUB2, EXO1, KLKB1, ZNFX1, PRSS8, RIDA, CUL5, MGA, CPNE8, BOK, CNPY2, BEST3, CIR1, ARNT, CANB, NDG, PDI"
GO:0007586,digestion,BP,9,60,0.233448388394125,"TRINITY_DN46370_c0_g1_i2, TRINITY_DN46370_c0_g1_i5, TRINITY_DN49933_c0_g1_i1, TRINITY_DN49933_c0_g1_i2, TRINITY_DN49933_c1_g1_i1, TRINITY_DN49933_c1_g1_i3, TRINITY_DN50878_c0_g1_i8, TRINITY_DN54009_c0_g1_i1",GO:0007586,"PSMD7, CALR, SMOX, ACADM, CBR1, ACADS, ATG7, SDSL",0.15,2,"PSMD7, CALR, SMOX, ACADM, CBR1, ACADS, ATG7, SDSL"
GO:0044421,NA,NA,66,1112,0.235805634046474,"TRINITY_DN31314_c0_g1_i1, TRINITY_DN45259_c0_g1_i1, TRINITY_DN47429_c0_g1_i1, TRINITY_DN48013_c0_g1_i3, TRINITY_DN48672_c0_g3_i2, TRINITY_DN49036_c0_g1_i6, TRINITY_DN49512_c3_g2_i5, TRINITY_DN49700_c4_g1_i3, TRINITY_DN50489_c1_g1_i3, TRINITY_DN50489_c1_g1_i5, TRINITY_DN51168_c1_g1_i2, TRINITY_DN51168_c1_g1_i3, TRINITY_DN51168_c1_g1_i6, TRINITY_DN53080_c0_g1_i1, TRINITY_DN53971_c0_g2_i1, TRINITY_DN54227_c2_g2_i1, TRINITY_DN54375_c0_g1_i1, TRINITY_DN54826_c0_g1_i4, TRINITY_DN55129_c0_g1_i12, TRINITY_DN55129_c0_g1_i4, TRINITY_DN55658_c0_g1_i12, TRINITY_DN56584_c0_g1_i5, TRINITY_DN56584_c0_g1_i6, TRINITY_DN57441_c0_g1_i8, TRINITY_DN57502_c0_g3_i3, TRINITY_DN57503_c2_g1_i3, TRINITY_DN57503_c2_g1_i6, TRINITY_DN57621_c1_g3_i1, TRINITY_DN57621_c1_g5_i1, TRINITY_DN57621_c1_g5_i4, TRINITY_DN57852_c0_g1_i1, TRINITY_DN58002_c0_g4_i1, TRINITY_DN58281_c1_g1_i4, TRINITY_DN59033_c1_g1_i2, TRINITY_DN59047_c2_g1_i5, TRINITY_DN60350_c3_g2_i2, TRINITY_DN60645_c0_g1_i3, TRINITY_DN60795_c0_g3_i13, TRINITY_DN60795_c0_g3_i8, TRINITY_DN60994_c0_g1_i2, TRINITY_DN60994_c0_g1_i5, TRINITY_DN60994_c0_g1_i6, TRINITY_DN61241_c0_g2_i6, TRINITY_DN61336_c1_g1_i1, TRINITY_DN61437_c1_g2_i9, TRINITY_DN62500_c1_g1_i1, TRINITY_DN62984_c1_g1_i8, TRINITY_DN63117_c2_g1_i1, TRINITY_DN63292_c2_g1_i11, TRINITY_DN63395_c1_g1_i3, TRINITY_DN64312_c2_g1_i6, TRINITY_DN64398_c2_g1_i2, TRINITY_DN64398_c2_g1_i4, TRINITY_DN64727_c1_g1_i4",GO:0044421,"TAF2, CASP7, NPC1, PGAM2, ARF1, GFPT1, DLDH, GFPT2, CBR4, NFS1, VPS18, AP3B2, NDC1, PLOD3, ENPP3, CRYL1, GNS, PLCD4, SCP2, ALDH2, GSTM2, ATAD1, RTCB, PIM3, FGD6, LRP2, SEC13, AP1S2, PTGR1, CTRB1, LIPH, PUS10, TRUB2, EXO1, ADRM1, PPWD1, KLKB1, ZNFX1, ECH1, MRM3, PRSS8, RIDA, ANXA4, CUL5, IPO5, RS3, AQP4, MGA, STX5, ANLN, CPNE8, ESYT2, BOK, SALM",0.059352517985611516,0,"TAF2, CASP7, NPC1, PGAM2, ARF1, GFPT1, DLDH, GFPT2, CBR4, NFS1, VPS18, AP3B2, NDC1, PLOD3, ENPP3, CRYL1, GNS, PLCD4, SCP2, ALDH2, GSTM2, ATAD1, RTCB, PIM3, FGD6, LRP2, SEC13, AP1S2, PTGR1, CTRB1, LIPH, PUS10, TRUB2, EXO1, ADRM1, PPWD1, KLKB1, ZNFX1, ECH1, MRM3, PRSS8, RIDA, ANXA4, CUL5, IPO5, RS3, AQP4, MGA, STX5, ANLN, CPNE8, ESYT2, BOK, SALM"
GO:0005976,polysaccharide metabolic process,BP,24,281,0.237174267449825,"TRINITY_DN49036_c0_g1_i6, TRINITY_DN49512_c3_g2_i5, TRINITY_DN49960_c0_g1_i4, TRINITY_DN49960_c0_g1_i5, TRINITY_DN50870_c0_g1_i1, TRINITY_DN59033_c1_g1_i2, TRINITY_DN64727_c1_g1_i4",GO:0005976,"TRUB2, EXO1, CUL5, BOK, BEST3, CIR1, CANB",0.08540925266903915,5,"TRUB2, EXO1, CUL5, BOK, BEST3, CIR1, CANB"
GO:0009897,external side of plasma membrane,CC,11,91,0.262736057553976,"TRINITY_DN49036_c0_g1_i6, TRINITY_DN49512_c3_g2_i5, TRINITY_DN50489_c1_g1_i3, TRINITY_DN50489_c1_g1_i5, TRINITY_DN56584_c0_g1_i5, TRINITY_DN60645_c0_g1_i3, TRINITY_DN60994_c0_g1_i5, TRINITY_DN60994_c0_g1_i6, TRINITY_DN63117_c2_g1_i1",GO:0009897,"PLOD3, FGD6, LRP2, PTGR1, TRUB2, EXO1, ADRM1, PPWD1, IPO5",0.1208791208791209,7,"PLOD3, FGD6, LRP2, PTGR1, TRUB2, EXO1, ADRM1, PPWD1, IPO5"
GO:0072073,kidney epithelium development,BP,5,21,0.262736057553976,"TRINITY_DN50489_c1_g1_i3, TRINITY_DN50489_c1_g1_i5, TRINITY_DN56584_c0_g1_i5, TRINITY_DN60994_c0_g1_i5, TRINITY_DN60994_c0_g1_i6",GO:0072073,"PLOD3, FGD6, LRP2, ADRM1, PPWD1",0.23809523809523808,11,"PLOD3, FGD6, LRP2, ADRM1, PPWD1"
GO:0098552,side of membrane,CC,17,188,0.288765549950891,"TRINITY_DN49036_c0_g1_i6, TRINITY_DN49512_c3_g2_i5, TRINITY_DN50489_c1_g1_i3, TRINITY_DN50489_c1_g1_i5, TRINITY_DN56584_c0_g1_i5, TRINITY_DN60645_c0_g1_i3, TRINITY_DN60994_c0_g1_i5, TRINITY_DN60994_c0_g1_i6, TRINITY_DN63117_c2_g1_i1",GO:0098552,"PLOD3, FGD6, LRP2, PTGR1, TRUB2, EXO1, ADRM1, PPWD1, IPO5",0.09042553191489362,3,"PLOD3, FGD6, LRP2, PTGR1, TRUB2, EXO1, ADRM1, PPWD1, IPO5"
GO:0009056,catabolic process,BP,108,2013,0.368589036662494,"TRINITY_DN45259_c0_g1_i1, TRINITY_DN47429_c0_g1_i1, TRINITY_DN48672_c0_g3_i2, TRINITY_DN49036_c0_g1_i6, TRINITY_DN49374_c0_g1_i1, TRINITY_DN49512_c3_g2_i5, TRINITY_DN49960_c0_g1_i4, TRINITY_DN49960_c0_g1_i5, TRINITY_DN50255_c0_g1_i2, TRINITY_DN50870_c0_g1_i1, TRINITY_DN51461_c0_g3_i2, TRINITY_DN51682_c0_g1_i5, TRINITY_DN52124_c1_g1_i2, TRINITY_DN53080_c0_g1_i1, TRINITY_DN53971_c0_g2_i1, TRINITY_DN55131_c0_g1_i2, TRINITY_DN56584_c0_g1_i5, TRINITY_DN56584_c0_g1_i6, TRINITY_DN57503_c2_g1_i3, TRINITY_DN57503_c2_g1_i6, TRINITY_DN57621_c1_g3_i1, TRINITY_DN57621_c1_g5_i1, TRINITY_DN57621_c1_g5_i4, TRINITY_DN58562_c1_g1_i14, TRINITY_DN59033_c1_g1_i2, TRINITY_DN59047_c2_g1_i4, TRINITY_DN59313_c2_g2_i2, TRINITY_DN59552_c0_g1_i2, TRINITY_DN60994_c0_g1_i2, TRINITY_DN60994_c0_g1_i5, TRINITY_DN60994_c0_g1_i6, TRINITY_DN61437_c1_g2_i9, TRINITY_DN62984_c1_g1_i8, TRINITY_DN63117_c2_g1_i1, TRINITY_DN63292_c2_g1_i11, TRINITY_DN63395_c1_g1_i3, TRINITY_DN63801_c1_g3_i1, TRINITY_DN64727_c1_g1_i4",GO:0009056,"CASP7, NPC1, ARF1, RDH5, PLOD3, ENPP3, GNS, PLCD4, SCP2, COX17, SPG7, MTRR, EPHA4, PIM3, FGD6, LRP2, PTGR1, CTRB1, PXDN, TRUB2, EXO1, KLKB1, ZNFX1, PRSS8, RIDA, CUL5, MGA, ANLN, CPNE8, BOK, CNPY2, BEST3, CIR1, ARNT, CANB, NDG, PDI, MTP",0.053651266766020875,2,"CASP7, NPC1, ARF1, RDH5, PLOD3, ENPP3, GNS, PLCD4, SCP2, COX17, SPG7, MTRR, EPHA4, PIM3, FGD6, LRP2, PTGR1, CTRB1, PXDN, TRUB2, EXO1, KLKB1, ZNFX1, PRSS8, RIDA, CUL5, MGA, ANLN, CPNE8, BOK, CNPY2, BEST3, CIR1, ARNT, CANB, NDG, PDI, MTP"
GO:0006064,glucuronate catabolic process,BP,5,19,0.368589036662494,"TRINITY_DN57503_c2_g1_i3, TRINITY_DN57503_c2_g1_i6, TRINITY_DN61437_c1_g2_i9",GO:0006064,"PRSS8, RIDA, MGA",0.2631578947368421,17,"PRSS8, RIDA, MGA"
GO:0019640,glucuronate catabolic process to xylulose 5-phosphate,BP,5,19,0.368589036662494,"TRINITY_DN57503_c2_g1_i3, TRINITY_DN57503_c2_g1_i6, TRINITY_DN61437_c1_g2_i9",GO:0019640,"PRSS8, RIDA, MGA",0.2631578947368421,29,"PRSS8, RIDA, MGA"
GO:0061326,renal tubule development,BP,5,24,0.393551826382231,"TRINITY_DN50489_c1_g1_i3, TRINITY_DN50489_c1_g1_i5, TRINITY_DN56584_c0_g1_i5, TRINITY_DN60994_c0_g1_i5, TRINITY_DN60994_c0_g1_i6",GO:0061326,"PLOD3, FGD6, LRP2, ADRM1, PPWD1",0.20833333333333334,10,"PLOD3, FGD6, LRP2, ADRM1, PPWD1"
GO:0002218,activation of innate immune response,BP,6,35,0.426227374787513,TRINITY_DN60645_c0_g1_i3,GO:0002218,IPO5,0.17142857142857143,33,IPO5
GO:0085029,extracellular matrix assembly,BP,5,26,0.426227374787513,"TRINITY_DN60795_c0_g3_i13, TRINITY_DN60795_c0_g3_i8, TRINITY_DN62500_c1_g1_i1, TRINITY_DN62984_c1_g1_i8, TRINITY_DN64312_c2_g1_i6",GO:0085029,"RS3, AQP4, STX5, ANLN, ESYT2",0.19230769230769232,9,"RS3, AQP4, STX5, ANLN, ESYT2"
GO:0044262,cellular carbohydrate metabolic process,BP,22,262,0.426227374787513,"TRINITY_DN49960_c0_g1_i4, TRINITY_DN49960_c0_g1_i5, TRINITY_DN50870_c0_g1_i1, TRINITY_DN57503_c2_g1_i3, TRINITY_DN57503_c2_g1_i6, TRINITY_DN61437_c1_g2_i9",GO:0044262,"PRSS8, RIDA, MGA, BEST3, CIR1, CANB",0.08396946564885498,0,"PRSS8, RIDA, MGA, BEST3, CIR1, CANB"
GO:0050750,low-density lipoprotein particle receptor binding,MF,3,6,0.426227374787513,"TRINITY_DN50489_c1_g1_i3, TRINITY_DN50489_c1_g1_i5",GO:0050750,"ADRM1, PPWD1",0.5,5,"ADRM1, PPWD1"
GO:0070325,lipoprotein particle receptor binding,MF,3,6,0.426227374787513,"TRINITY_DN50489_c1_g1_i3, TRINITY_DN50489_c1_g1_i5",GO:0070325,"ADRM1, PPWD1",0.5,4,"ADRM1, PPWD1"
GO:0051167,xylulose 5-phosphate metabolic process,BP,5,21,0.48327367565546703,"TRINITY_DN57503_c2_g1_i3, TRINITY_DN57503_c2_g1_i6, TRINITY_DN61437_c1_g2_i9",GO:0051167,"PRSS8, RIDA, MGA",0.23809523809523808,8,"PRSS8, RIDA, MGA"
GO:1901159,xylulose 5-phosphate biosynthetic process,BP,5,21,0.48327367565546703,"TRINITY_DN57503_c2_g1_i3, TRINITY_DN57503_c2_g1_i6, TRINITY_DN61437_c1_g2_i9",GO:1901159,"PRSS8, RIDA, MGA",0.23809523809523808,12,"PRSS8, RIDA, MGA"
GO:0020028,endocytic hemoglobin import into cell,BP,2,2,0.48327367565546703,"TRINITY_DN50489_c1_g1_i3, TRINITY_DN50489_c1_g1_i5",GO:0020028,"ADRM1, PPWD1",1,18,"ADRM1, PPWD1"
GO:0030492,hemoglobin binding,MF,2,2,0.48327367565546703,"TRINITY_DN50489_c1_g1_i3, TRINITY_DN50489_c1_g1_i5",GO:0030492,"ADRM1, PPWD1",1,3,"ADRM1, PPWD1"
GO:0061642,chemoattraction of axon,BP,2,2,0.48327367565546703,"TRINITY_DN50489_c1_g1_i3, TRINITY_DN50489_c1_g1_i5",GO:0061642,"ADRM1, PPWD1",1,39,"ADRM1, PPWD1"
GO:0006073,cellular glucan metabolic process,BP,16,169,0.504101072649666,"TRINITY_DN49960_c0_g1_i4, TRINITY_DN49960_c0_g1_i5, TRINITY_DN50870_c0_g1_i1",GO:0006073,"BEST3, CIR1, CANB",0.09467455621301775,0,"BEST3, CIR1, CANB"
GO:0044042,glucan metabolic process,BP,16,169,0.504101072649666,"TRINITY_DN49960_c0_g1_i4, TRINITY_DN49960_c0_g1_i5, TRINITY_DN50870_c0_g1_i1",GO:0044042,"BEST3, CIR1, CANB",0.09467455621301775,6,"BEST3, CIR1, CANB"
GO:0046596,regulation of viral entry into host cell,BP,4,14,0.515393342446403,"TRINITY_DN60350_c3_g2_i2, TRINITY_DN63292_c2_g1_i11",GO:0046596,"RTCB, CPNE8",0.2857142857142857,14,"RTCB, CPNE8"
GO:0046598,positive regulation of viral entry into host cell,BP,4,14,0.515393342446403,"TRINITY_DN60350_c3_g2_i2, TRINITY_DN63292_c2_g1_i11",GO:0046598,"RTCB, CPNE8",0.2857142857142857,19,"RTCB, CPNE8"
GO:0006508,proteolysis,BP,68,1227,0.528847218041345,"TRINITY_DN31314_c0_g1_i1, TRINITY_DN45259_c0_g1_i1, TRINITY_DN46370_c0_g1_i2, TRINITY_DN46370_c0_g1_i5, TRINITY_DN47429_c0_g1_i1, TRINITY_DN48013_c0_g1_i3, TRINITY_DN48672_c0_g3_i2, TRINITY_DN48896_c2_g1_i2, TRINITY_DN49700_c4_g1_i3, TRINITY_DN49933_c0_g1_i1, TRINITY_DN49933_c0_g1_i2, TRINITY_DN49933_c1_g1_i1, TRINITY_DN49933_c1_g1_i3, TRINITY_DN50878_c0_g1_i8, TRINITY_DN51168_c1_g1_i2, TRINITY_DN51168_c1_g1_i3, TRINITY_DN51168_c1_g1_i6, TRINITY_DN51682_c0_g1_i5, TRINITY_DN53803_c0_g1_i5, TRINITY_DN54009_c0_g1_i1, TRINITY_DN54522_c1_g1_i6, TRINITY_DN54826_c0_g1_i4, TRINITY_DN55122_c0_g1_i3, TRINITY_DN55129_c0_g1_i12, TRINITY_DN55129_c0_g1_i4, TRINITY_DN55332_c1_g1_i29, TRINITY_DN55658_c0_g1_i12, TRINITY_DN55903_c0_g1_i1, TRINITY_DN56584_c0_g1_i5, TRINITY_DN56584_c0_g1_i6, TRINITY_DN57502_c0_g3_i3, TRINITY_DN57621_c1_g3_i1, TRINITY_DN57621_c1_g5_i1, TRINITY_DN57621_c1_g5_i4, TRINITY_DN57852_c0_g1_i1, TRINITY_DN57968_c1_g1_i3, TRINITY_DN57968_c1_g1_i5, TRINITY_DN58281_c1_g1_i4, TRINITY_DN58367_c0_g3_i7, TRINITY_DN58427_c0_g2_i1, TRINITY_DN58562_c1_g1_i14, TRINITY_DN58980_c3_g1_i1, TRINITY_DN59047_c2_g1_i4, TRINITY_DN59047_c2_g1_i5, TRINITY_DN59313_c2_g2_i2, TRINITY_DN59552_c0_g1_i2, TRINITY_DN60350_c3_g2_i2, TRINITY_DN60355_c0_g3_i2, TRINITY_DN60355_c0_g3_i9, TRINITY_DN60645_c0_g1_i3, TRINITY_DN60994_c0_g1_i2, TRINITY_DN60994_c0_g1_i5, TRINITY_DN60994_c0_g1_i6, TRINITY_DN61241_c0_g2_i6, TRINITY_DN61336_c1_g1_i1, TRINITY_DN61949_c1_g1_i1, TRINITY_DN63117_c2_g1_i1, TRINITY_DN63395_c1_g1_i3, TRINITY_DN63536_c3_g2_i1, TRINITY_DN63801_c1_g2_i1, TRINITY_DN63801_c1_g3_i1, TRINITY_DN64398_c2_g1_i2, TRINITY_DN64398_c2_g1_i4",GO:0006508,"TAF2, CASP7, PSMD7, CALR, NPC1, PGAM2, ARF1, DHX36, GFPT1, SMOX, ACADM, CBR1, ACADS, ATG7, DLDH, GFPT2, CBR4, RDH5, FNTB, SDSL, CHKB, NFS1, PEX16, VPS18, AP3B2, AP1M1, NDC1, MCAT, PLOD3, ENPP3, CRYL1, GNS, PLCD4, SCP2, ALDH2, HPGDS, ACLY, GSTM2, LIAS, COX11, COX17, ECI3, SPG7, ATAD1, MTRR, EPHA4, RTCB, ACSF2, CDK9, PIM3, FGD6, LRP2, SEC13, AP1S2, AIG1, PTGR1, CTRB1, CLPP, CASP1, PXDN, LIPH, PUS10, IPO5",0.0554197229013855,5,"TAF2, CASP7, PSMD7, CALR, NPC1, PGAM2, ARF1, DHX36, GFPT1, SMOX, ACADM, CBR1, ACADS, ATG7, DLDH, GFPT2, CBR4, RDH5, FNTB, SDSL, CHKB, NFS1, PEX16, VPS18, AP3B2, AP1M1, NDC1, MCAT, PLOD3, ENPP3, CRYL1, GNS, PLCD4, SCP2, ALDH2, HPGDS, ACLY, GSTM2, LIAS, COX11, COX17, ECI3, SPG7, ATAD1, MTRR, EPHA4, RTCB, ACSF2, CDK9, PIM3, FGD6, LRP2, SEC13, AP1S2, AIG1, PTGR1, CTRB1, CLPP, CASP1, PXDN, LIPH, PUS10, IPO5"
GO:0045169,fusome,CC,6,37,0.538782411428899,"TRINITY_DN53080_c0_g1_i1, TRINITY_DN55129_c0_g1_i12, TRINITY_DN55129_c0_g1_i4, TRINITY_DN57441_c0_g1_i8",GO:0045169,"VPS18, AP3B2, KLKB1, MRM3",0.16216216216216217,4,"VPS18, AP3B2, KLKB1, MRM3"
GO:0050918,positive chemotaxis,BP,3,7,0.538782411428899,"TRINITY_DN50489_c1_g1_i3, TRINITY_DN50489_c1_g1_i5",GO:0050918,"ADRM1, PPWD1",0.42857142857142855,7,"ADRM1, PPWD1"
GO:0006063,uronic acid metabolic process,BP,5,23,0.560141918818603,"TRINITY_DN57503_c2_g1_i3, TRINITY_DN57503_c2_g1_i6, TRINITY_DN61437_c1_g2_i9",GO:0006063,"PRSS8, RIDA, MGA",0.21739130434782608,9,"PRSS8, RIDA, MGA"
GO:0019585,glucuronate metabolic process,BP,5,23,0.560141918818603,"TRINITY_DN57503_c2_g1_i3, TRINITY_DN57503_c2_g1_i6, TRINITY_DN61437_c1_g2_i9",GO:0019585,"PRSS8, RIDA, MGA",0.21739130434782608,10,"PRSS8, RIDA, MGA"
GO:0008584,male gonad development,BP,4,16,0.574145841021768,"TRINITY_DN50489_c1_g1_i3, TRINITY_DN50489_c1_g1_i5",GO:0008584,"ADRM1, PPWD1",0.25,16,"ADRM1, PPWD1"
GO:0047655,allyl-alcohol dehydrogenase activity,MF,5,23,0.593369990522143,"TRINITY_DN50255_c0_g1_i2, TRINITY_DN57503_c2_g1_i3, TRINITY_DN57503_c2_g1_i6, TRINITY_DN61437_c1_g2_i9",GO:0047655,"PRSS8, RIDA, MGA, ARNT",0.21739130434782608,5,"PRSS8, RIDA, MGA, ARNT"
GO:0035904,aorta development,BP,4,20,0.664133860798771,"TRINITY_DN50489_c1_g1_i3, TRINITY_DN50489_c1_g1_i5, TRINITY_DN64312_c2_g1_i6",GO:0035904,"ADRM1, PPWD1, ESYT2",0.2,10,"ADRM1, PPWD1, ESYT2"
