rel_path,full_path
__species_used.txt,C:/Users/camilo/AppData/Local/EchoGO/EchoGO/echogo_demo/results/__species_used.txt
consensus/consensus_enrichment_exploration_clean.xlsx,C:/Users/camilo/AppData/Local/EchoGO/EchoGO/echogo_demo/results/consensus/consensus_enrichment_exploration_clean.xlsx
consensus/consensus_enrichment_results_with_and_without_bg.xlsx,C:/Users/camilo/AppData/Local/EchoGO/EchoGO/echogo_demo/results/consensus/consensus_enrichment_results_with_and_without_bg.xlsx
consensus/plots_exploratory/lollipop_top50_BP_alldepths.pdf,C:/Users/camilo/AppData/Local/EchoGO/EchoGO/echogo_demo/results/consensus/plots_exploratory/lollipop_top50_BP_alldepths.pdf
consensus/plots_exploratory/lollipop_top50_BP_depth0.pdf,C:/Users/camilo/AppData/Local/EchoGO/EchoGO/echogo_demo/results/consensus/plots_exploratory/lollipop_top50_BP_depth0.pdf
consensus/plots_exploratory/lollipop_top50_BP_depth1.pdf,C:/Users/camilo/AppData/Local/EchoGO/EchoGO/echogo_demo/results/consensus/plots_exploratory/lollipop_top50_BP_depth1.pdf
consensus/plots_exploratory/lollipop_top50_BP_depth10.pdf,C:/Users/camilo/AppData/Local/EchoGO/EchoGO/echogo_demo/results/consensus/plots_exploratory/lollipop_top50_BP_depth10.pdf
consensus/plots_exploratory/lollipop_top50_BP_depth11.pdf,C:/Users/camilo/AppData/Local/EchoGO/EchoGO/echogo_demo/results/consensus/plots_exploratory/lollipop_top50_BP_depth11.pdf
consensus/plots_exploratory/lollipop_top50_BP_depth115.pdf,C:/Users/camilo/AppData/Local/EchoGO/EchoGO/echogo_demo/results/consensus/plots_exploratory/lollipop_top50_BP_depth115.pdf
consensus/plots_exploratory/lollipop_top50_BP_depth12.pdf,C:/Users/camilo/AppData/Local/EchoGO/EchoGO/echogo_demo/results/consensus/plots_exploratory/lollipop_top50_BP_depth12.pdf
consensus/plots_exploratory/lollipop_top50_BP_depth13.pdf,C:/Users/camilo/AppData/Local/EchoGO/EchoGO/echogo_demo/results/consensus/plots_exploratory/lollipop_top50_BP_depth13.pdf
consensus/plots_exploratory/lollipop_top50_BP_depth14.pdf,C:/Users/camilo/AppData/Local/EchoGO/EchoGO/echogo_demo/results/consensus/plots_exploratory/lollipop_top50_BP_depth14.pdf
consensus/plots_exploratory/lollipop_top50_BP_depth15.pdf,C:/Users/camilo/AppData/Local/EchoGO/EchoGO/echogo_demo/results/consensus/plots_exploratory/lollipop_top50_BP_depth15.pdf
consensus/plots_exploratory/lollipop_top50_BP_depth16.pdf,C:/Users/camilo/AppData/Local/EchoGO/EchoGO/echogo_demo/results/consensus/plots_exploratory/lollipop_top50_BP_depth16.pdf
consensus/plots_exploratory/lollipop_top50_BP_depth17.pdf,C:/Users/camilo/AppData/Local/EchoGO/EchoGO/echogo_demo/results/consensus/plots_exploratory/lollipop_top50_BP_depth17.pdf
consensus/plots_exploratory/lollipop_top50_BP_depth18.pdf,C:/Users/camilo/AppData/Local/EchoGO/EchoGO/echogo_demo/results/consensus/plots_exploratory/lollipop_top50_BP_depth18.pdf
consensus/plots_exploratory/lollipop_top50_BP_depth19.pdf,C:/Users/camilo/AppData/Local/EchoGO/EchoGO/echogo_demo/results/consensus/plots_exploratory/lollipop_top50_BP_depth19.pdf
consensus/plots_exploratory/lollipop_top50_BP_depth2.pdf,C:/Users/camilo/AppData/Local/EchoGO/EchoGO/echogo_demo/results/consensus/plots_exploratory/lollipop_top50_BP_depth2.pdf
consensus/plots_exploratory/lollipop_top50_BP_depth20.pdf,C:/Users/camilo/AppData/Local/EchoGO/EchoGO/echogo_demo/results/consensus/plots_exploratory/lollipop_top50_BP_depth20.pdf
consensus/plots_exploratory/lollipop_top50_BP_depth21.pdf,C:/Users/camilo/AppData/Local/EchoGO/EchoGO/echogo_demo/results/consensus/plots_exploratory/lollipop_top50_BP_depth21.pdf
consensus/plots_exploratory/lollipop_top50_BP_depth22.pdf,C:/Users/camilo/AppData/Local/EchoGO/EchoGO/echogo_demo/results/consensus/plots_exploratory/lollipop_top50_BP_depth22.pdf
consensus/plots_exploratory/lollipop_top50_BP_depth23.pdf,C:/Users/camilo/AppData/Local/EchoGO/EchoGO/echogo_demo/results/consensus/plots_exploratory/lollipop_top50_BP_depth23.pdf
consensus/plots_exploratory/lollipop_top50_BP_depth24.pdf,C:/Users/camilo/AppData/Local/EchoGO/EchoGO/echogo_demo/results/consensus/plots_exploratory/lollipop_top50_BP_depth24.pdf
consensus/plots_exploratory/lollipop_top50_BP_depth25.pdf,C:/Users/camilo/AppData/Local/EchoGO/EchoGO/echogo_demo/results/consensus/plots_exploratory/lollipop_top50_BP_depth25.pdf
consensus/plots_exploratory/lollipop_top50_BP_depth26.pdf,C:/Users/camilo/AppData/Local/EchoGO/EchoGO/echogo_demo/results/consensus/plots_exploratory/lollipop_top50_BP_depth26.pdf
consensus/plots_exploratory/lollipop_top50_BP_depth27.pdf,C:/Users/camilo/AppData/Local/EchoGO/EchoGO/echogo_demo/results/consensus/plots_exploratory/lollipop_top50_BP_depth27.pdf
consensus/plots_exploratory/lollipop_top50_BP_depth28.pdf,C:/Users/camilo/AppData/Local/EchoGO/EchoGO/echogo_demo/results/consensus/plots_exploratory/lollipop_top50_BP_depth28.pdf
consensus/plots_exploratory/lollipop_top50_BP_depth29.pdf,C:/Users/camilo/AppData/Local/EchoGO/EchoGO/echogo_demo/results/consensus/plots_exploratory/lollipop_top50_BP_depth29.pdf
consensus/plots_exploratory/lollipop_top50_BP_depth3.pdf,C:/Users/camilo/AppData/Local/EchoGO/EchoGO/echogo_demo/results/consensus/plots_exploratory/lollipop_top50_BP_depth3.pdf
consensus/plots_exploratory/lollipop_top50_BP_depth30.pdf,C:/Users/camilo/AppData/Local/EchoGO/EchoGO/echogo_demo/results/consensus/plots_exploratory/lollipop_top50_BP_depth30.pdf
consensus/plots_exploratory/lollipop_top50_BP_depth31.pdf,C:/Users/camilo/AppData/Local/EchoGO/EchoGO/echogo_demo/results/consensus/plots_exploratory/lollipop_top50_BP_depth31.pdf
consensus/plots_exploratory/lollipop_top50_BP_depth32.pdf,C:/Users/camilo/AppData/Local/EchoGO/EchoGO/echogo_demo/results/consensus/plots_exploratory/lollipop_top50_BP_depth32.pdf
consensus/plots_exploratory/lollipop_top50_BP_depth33.pdf,C:/Users/camilo/AppData/Local/EchoGO/EchoGO/echogo_demo/results/consensus/plots_exploratory/lollipop_top50_BP_depth33.pdf
consensus/plots_exploratory/lollipop_top50_BP_depth34.pdf,C:/Users/camilo/AppData/Local/EchoGO/EchoGO/echogo_demo/results/consensus/plots_exploratory/lollipop_top50_BP_depth34.pdf
consensus/plots_exploratory/lollipop_top50_BP_depth35.pdf,C:/Users/camilo/AppData/Local/EchoGO/EchoGO/echogo_demo/results/consensus/plots_exploratory/lollipop_top50_BP_depth35.pdf
consensus/plots_exploratory/lollipop_top50_BP_depth36.pdf,C:/Users/camilo/AppData/Local/EchoGO/EchoGO/echogo_demo/results/consensus/plots_exploratory/lollipop_top50_BP_depth36.pdf
consensus/plots_exploratory/lollipop_top50_BP_depth37.pdf,C:/Users/camilo/AppData/Local/EchoGO/EchoGO/echogo_demo/results/consensus/plots_exploratory/lollipop_top50_BP_depth37.pdf
consensus/plots_exploratory/lollipop_top50_BP_depth38.pdf,C:/Users/camilo/AppData/Local/EchoGO/EchoGO/echogo_demo/results/consensus/plots_exploratory/lollipop_top50_BP_depth38.pdf
consensus/plots_exploratory/lollipop_top50_BP_depth39.pdf,C:/Users/camilo/AppData/Local/EchoGO/EchoGO/echogo_demo/results/consensus/plots_exploratory/lollipop_top50_BP_depth39.pdf
consensus/plots_exploratory/lollipop_top50_BP_depth4.pdf,C:/Users/camilo/AppData/Local/EchoGO/EchoGO/echogo_demo/results/consensus/plots_exploratory/lollipop_top50_BP_depth4.pdf
consensus/plots_exploratory/lollipop_top50_BP_depth40.pdf,C:/Users/camilo/AppData/Local/EchoGO/EchoGO/echogo_demo/results/consensus/plots_exploratory/lollipop_top50_BP_depth40.pdf
consensus/plots_exploratory/lollipop_top50_BP_depth41.pdf,C:/Users/camilo/AppData/Local/EchoGO/EchoGO/echogo_demo/results/consensus/plots_exploratory/lollipop_top50_BP_depth41.pdf
consensus/plots_exploratory/lollipop_top50_BP_depth42.pdf,C:/Users/camilo/AppData/Local/EchoGO/EchoGO/echogo_demo/results/consensus/plots_exploratory/lollipop_top50_BP_depth42.pdf
consensus/plots_exploratory/lollipop_top50_BP_depth43.pdf,C:/Users/camilo/AppData/Local/EchoGO/EchoGO/echogo_demo/results/consensus/plots_exploratory/lollipop_top50_BP_depth43.pdf
consensus/plots_exploratory/lollipop_top50_BP_depth44.pdf,C:/Users/camilo/AppData/Local/EchoGO/EchoGO/echogo_demo/results/consensus/plots_exploratory/lollipop_top50_BP_depth44.pdf
consensus/plots_exploratory/lollipop_top50_BP_depth45.pdf,C:/Users/camilo/AppData/Local/EchoGO/EchoGO/echogo_demo/results/consensus/plots_exploratory/lollipop_top50_BP_depth45.pdf
consensus/plots_exploratory/lollipop_top50_BP_depth46.pdf,C:/Users/camilo/AppData/Local/EchoGO/EchoGO/echogo_demo/results/consensus/plots_exploratory/lollipop_top50_BP_depth46.pdf
consensus/plots_exploratory/lollipop_top50_BP_depth47.pdf,C:/Users/camilo/AppData/Local/EchoGO/EchoGO/echogo_demo/results/consensus/plots_exploratory/lollipop_top50_BP_depth47.pdf
consensus/plots_exploratory/lollipop_top50_BP_depth48.pdf,C:/Users/camilo/AppData/Local/EchoGO/EchoGO/echogo_demo/results/consensus/plots_exploratory/lollipop_top50_BP_depth48.pdf
consensus/plots_exploratory/lollipop_top50_BP_depth49.pdf,C:/Users/camilo/AppData/Local/EchoGO/EchoGO/echogo_demo/results/consensus/plots_exploratory/lollipop_top50_BP_depth49.pdf
consensus/plots_exploratory/lollipop_top50_BP_depth5.pdf,C:/Users/camilo/AppData/Local/EchoGO/EchoGO/echogo_demo/results/consensus/plots_exploratory/lollipop_top50_BP_depth5.pdf
consensus/plots_exploratory/lollipop_top50_BP_depth52.pdf,C:/Users/camilo/AppData/Local/EchoGO/EchoGO/echogo_demo/results/consensus/plots_exploratory/lollipop_top50_BP_depth52.pdf
consensus/plots_exploratory/lollipop_top50_BP_depth53.pdf,C:/Users/camilo/AppData/Local/EchoGO/EchoGO/echogo_demo/results/consensus/plots_exploratory/lollipop_top50_BP_depth53.pdf
consensus/plots_exploratory/lollipop_top50_BP_depth54.pdf,C:/Users/camilo/AppData/Local/EchoGO/EchoGO/echogo_demo/results/consensus/plots_exploratory/lollipop_top50_BP_depth54.pdf
consensus/plots_exploratory/lollipop_top50_BP_depth55.pdf,C:/Users/camilo/AppData/Local/EchoGO/EchoGO/echogo_demo/results/consensus/plots_exploratory/lollipop_top50_BP_depth55.pdf
consensus/plots_exploratory/lollipop_top50_BP_depth6.pdf,C:/Users/camilo/AppData/Local/EchoGO/EchoGO/echogo_demo/results/consensus/plots_exploratory/lollipop_top50_BP_depth6.pdf
consensus/plots_exploratory/lollipop_top50_BP_depth61.pdf,C:/Users/camilo/AppData/Local/EchoGO/EchoGO/echogo_demo/results/consensus/plots_exploratory/lollipop_top50_BP_depth61.pdf
consensus/plots_exploratory/lollipop_top50_BP_depth65.pdf,C:/Users/camilo/AppData/Local/EchoGO/EchoGO/echogo_demo/results/consensus/plots_exploratory/lollipop_top50_BP_depth65.pdf
consensus/plots_exploratory/lollipop_top50_BP_depth66.pdf,C:/Users/camilo/AppData/Local/EchoGO/EchoGO/echogo_demo/results/consensus/plots_exploratory/lollipop_top50_BP_depth66.pdf
consensus/plots_exploratory/lollipop_top50_BP_depth7.pdf,C:/Users/camilo/AppData/Local/EchoGO/EchoGO/echogo_demo/results/consensus/plots_exploratory/lollipop_top50_BP_depth7.pdf
consensus/plots_exploratory/lollipop_top50_BP_depth73.pdf,C:/Users/camilo/AppData/Local/EchoGO/EchoGO/echogo_demo/results/consensus/plots_exploratory/lollipop_top50_BP_depth73.pdf
consensus/plots_exploratory/lollipop_top50_BP_depth8.pdf,C:/Users/camilo/AppData/Local/EchoGO/EchoGO/echogo_demo/results/consensus/plots_exploratory/lollipop_top50_BP_depth8.pdf
consensus/plots_exploratory/lollipop_top50_BP_depth82.pdf,C:/Users/camilo/AppData/Local/EchoGO/EchoGO/echogo_demo/results/consensus/plots_exploratory/lollipop_top50_BP_depth82.pdf
consensus/plots_exploratory/lollipop_top50_BP_depth9.pdf,C:/Users/camilo/AppData/Local/EchoGO/EchoGO/echogo_demo/results/consensus/plots_exploratory/lollipop_top50_BP_depth9.pdf
consensus/plots_exploratory/lollipop_top50_CC_alldepths.pdf,C:/Users/camilo/AppData/Local/EchoGO/EchoGO/echogo_demo/results/consensus/plots_exploratory/lollipop_top50_CC_alldepths.pdf
consensus/plots_exploratory/lollipop_top50_CC_depth0.pdf,C:/Users/camilo/AppData/Local/EchoGO/EchoGO/echogo_demo/results/consensus/plots_exploratory/lollipop_top50_CC_depth0.pdf
consensus/plots_exploratory/lollipop_top50_CC_depth1.pdf,C:/Users/camilo/AppData/Local/EchoGO/EchoGO/echogo_demo/results/consensus/plots_exploratory/lollipop_top50_CC_depth1.pdf
consensus/plots_exploratory/lollipop_top50_CC_depth10.pdf,C:/Users/camilo/AppData/Local/EchoGO/EchoGO/echogo_demo/results/consensus/plots_exploratory/lollipop_top50_CC_depth10.pdf
consensus/plots_exploratory/lollipop_top50_CC_depth11.pdf,C:/Users/camilo/AppData/Local/EchoGO/EchoGO/echogo_demo/results/consensus/plots_exploratory/lollipop_top50_CC_depth11.pdf
consensus/plots_exploratory/lollipop_top50_CC_depth12.pdf,C:/Users/camilo/AppData/Local/EchoGO/EchoGO/echogo_demo/results/consensus/plots_exploratory/lollipop_top50_CC_depth12.pdf
consensus/plots_exploratory/lollipop_top50_CC_depth13.pdf,C:/Users/camilo/AppData/Local/EchoGO/EchoGO/echogo_demo/results/consensus/plots_exploratory/lollipop_top50_CC_depth13.pdf
consensus/plots_exploratory/lollipop_top50_CC_depth14.pdf,C:/Users/camilo/AppData/Local/EchoGO/EchoGO/echogo_demo/results/consensus/plots_exploratory/lollipop_top50_CC_depth14.pdf
consensus/plots_exploratory/lollipop_top50_CC_depth15.pdf,C:/Users/camilo/AppData/Local/EchoGO/EchoGO/echogo_demo/results/consensus/plots_exploratory/lollipop_top50_CC_depth15.pdf
consensus/plots_exploratory/lollipop_top50_CC_depth16.pdf,C:/Users/camilo/AppData/Local/EchoGO/EchoGO/echogo_demo/results/consensus/plots_exploratory/lollipop_top50_CC_depth16.pdf
consensus/plots_exploratory/lollipop_top50_CC_depth17.pdf,C:/Users/camilo/AppData/Local/EchoGO/EchoGO/echogo_demo/results/consensus/plots_exploratory/lollipop_top50_CC_depth17.pdf
consensus/plots_exploratory/lollipop_top50_CC_depth18.pdf,C:/Users/camilo/AppData/Local/EchoGO/EchoGO/echogo_demo/results/consensus/plots_exploratory/lollipop_top50_CC_depth18.pdf
consensus/plots_exploratory/lollipop_top50_CC_depth19.pdf,C:/Users/camilo/AppData/Local/EchoGO/EchoGO/echogo_demo/results/consensus/plots_exploratory/lollipop_top50_CC_depth19.pdf
consensus/plots_exploratory/lollipop_top50_CC_depth2.pdf,C:/Users/camilo/AppData/Local/EchoGO/EchoGO/echogo_demo/results/consensus/plots_exploratory/lollipop_top50_CC_depth2.pdf
consensus/plots_exploratory/lollipop_top50_CC_depth20.pdf,C:/Users/camilo/AppData/Local/EchoGO/EchoGO/echogo_demo/results/consensus/plots_exploratory/lollipop_top50_CC_depth20.pdf
consensus/plots_exploratory/lollipop_top50_CC_depth21.pdf,C:/Users/camilo/AppData/Local/EchoGO/EchoGO/echogo_demo/results/consensus/plots_exploratory/lollipop_top50_CC_depth21.pdf
consensus/plots_exploratory/lollipop_top50_CC_depth22.pdf,C:/Users/camilo/AppData/Local/EchoGO/EchoGO/echogo_demo/results/consensus/plots_exploratory/lollipop_top50_CC_depth22.pdf
consensus/plots_exploratory/lollipop_top50_CC_depth23.pdf,C:/Users/camilo/AppData/Local/EchoGO/EchoGO/echogo_demo/results/consensus/plots_exploratory/lollipop_top50_CC_depth23.pdf
consensus/plots_exploratory/lollipop_top50_CC_depth24.pdf,C:/Users/camilo/AppData/Local/EchoGO/EchoGO/echogo_demo/results/consensus/plots_exploratory/lollipop_top50_CC_depth24.pdf
consensus/plots_exploratory/lollipop_top50_CC_depth25.pdf,C:/Users/camilo/AppData/Local/EchoGO/EchoGO/echogo_demo/results/consensus/plots_exploratory/lollipop_top50_CC_depth25.pdf
consensus/plots_exploratory/lollipop_top50_CC_depth26.pdf,C:/Users/camilo/AppData/Local/EchoGO/EchoGO/echogo_demo/results/consensus/plots_exploratory/lollipop_top50_CC_depth26.pdf
consensus/plots_exploratory/lollipop_top50_CC_depth27.pdf,C:/Users/camilo/AppData/Local/EchoGO/EchoGO/echogo_demo/results/consensus/plots_exploratory/lollipop_top50_CC_depth27.pdf
consensus/plots_exploratory/lollipop_top50_CC_depth28.pdf,C:/Users/camilo/AppData/Local/EchoGO/EchoGO/echogo_demo/results/consensus/plots_exploratory/lollipop_top50_CC_depth28.pdf
consensus/plots_exploratory/lollipop_top50_CC_depth3.pdf,C:/Users/camilo/AppData/Local/EchoGO/EchoGO/echogo_demo/results/consensus/plots_exploratory/lollipop_top50_CC_depth3.pdf
consensus/plots_exploratory/lollipop_top50_CC_depth30.pdf,C:/Users/camilo/AppData/Local/EchoGO/EchoGO/echogo_demo/results/consensus/plots_exploratory/lollipop_top50_CC_depth30.pdf
consensus/plots_exploratory/lollipop_top50_CC_depth31.pdf,C:/Users/camilo/AppData/Local/EchoGO/EchoGO/echogo_demo/results/consensus/plots_exploratory/lollipop_top50_CC_depth31.pdf
consensus/plots_exploratory/lollipop_top50_CC_depth35.pdf,C:/Users/camilo/AppData/Local/EchoGO/EchoGO/echogo_demo/results/consensus/plots_exploratory/lollipop_top50_CC_depth35.pdf
consensus/plots_exploratory/lollipop_top50_CC_depth38.pdf,C:/Users/camilo/AppData/Local/EchoGO/EchoGO/echogo_demo/results/consensus/plots_exploratory/lollipop_top50_CC_depth38.pdf
consensus/plots_exploratory/lollipop_top50_CC_depth39.pdf,C:/Users/camilo/AppData/Local/EchoGO/EchoGO/echogo_demo/results/consensus/plots_exploratory/lollipop_top50_CC_depth39.pdf
consensus/plots_exploratory/lollipop_top50_CC_depth4.pdf,C:/Users/camilo/AppData/Local/EchoGO/EchoGO/echogo_demo/results/consensus/plots_exploratory/lollipop_top50_CC_depth4.pdf
consensus/plots_exploratory/lollipop_top50_CC_depth43.pdf,C:/Users/camilo/AppData/Local/EchoGO/EchoGO/echogo_demo/results/consensus/plots_exploratory/lollipop_top50_CC_depth43.pdf
consensus/plots_exploratory/lollipop_top50_CC_depth46.pdf,C:/Users/camilo/AppData/Local/EchoGO/EchoGO/echogo_demo/results/consensus/plots_exploratory/lollipop_top50_CC_depth46.pdf
consensus/plots_exploratory/lollipop_top50_CC_depth5.pdf,C:/Users/camilo/AppData/Local/EchoGO/EchoGO/echogo_demo/results/consensus/plots_exploratory/lollipop_top50_CC_depth5.pdf
consensus/plots_exploratory/lollipop_top50_CC_depth53.pdf,C:/Users/camilo/AppData/Local/EchoGO/EchoGO/echogo_demo/results/consensus/plots_exploratory/lollipop_top50_CC_depth53.pdf
consensus/plots_exploratory/lollipop_top50_CC_depth6.pdf,C:/Users/camilo/AppData/Local/EchoGO/EchoGO/echogo_demo/results/consensus/plots_exploratory/lollipop_top50_CC_depth6.pdf
consensus/plots_exploratory/lollipop_top50_CC_depth7.pdf,C:/Users/camilo/AppData/Local/EchoGO/EchoGO/echogo_demo/results/consensus/plots_exploratory/lollipop_top50_CC_depth7.pdf
consensus/plots_exploratory/lollipop_top50_CC_depth8.pdf,C:/Users/camilo/AppData/Local/EchoGO/EchoGO/echogo_demo/results/consensus/plots_exploratory/lollipop_top50_CC_depth8.pdf
consensus/plots_exploratory/lollipop_top50_CC_depth9.pdf,C:/Users/camilo/AppData/Local/EchoGO/EchoGO/echogo_demo/results/consensus/plots_exploratory/lollipop_top50_CC_depth9.pdf
consensus/plots_exploratory/lollipop_top50_KEGG_alldepths.pdf,C:/Users/camilo/AppData/Local/EchoGO/EchoGO/echogo_demo/results/consensus/plots_exploratory/lollipop_top50_KEGG_alldepths.pdf
consensus/plots_exploratory/lollipop_top50_MF_alldepths.pdf,C:/Users/camilo/AppData/Local/EchoGO/EchoGO/echogo_demo/results/consensus/plots_exploratory/lollipop_top50_MF_alldepths.pdf
consensus/plots_exploratory/lollipop_top50_MF_depth0.pdf,C:/Users/camilo/AppData/Local/EchoGO/EchoGO/echogo_demo/results/consensus/plots_exploratory/lollipop_top50_MF_depth0.pdf
consensus/plots_exploratory/lollipop_top50_MF_depth1.pdf,C:/Users/camilo/AppData/Local/EchoGO/EchoGO/echogo_demo/results/consensus/plots_exploratory/lollipop_top50_MF_depth1.pdf
consensus/plots_exploratory/lollipop_top50_MF_depth10.pdf,C:/Users/camilo/AppData/Local/EchoGO/EchoGO/echogo_demo/results/consensus/plots_exploratory/lollipop_top50_MF_depth10.pdf
consensus/plots_exploratory/lollipop_top50_MF_depth11.pdf,C:/Users/camilo/AppData/Local/EchoGO/EchoGO/echogo_demo/results/consensus/plots_exploratory/lollipop_top50_MF_depth11.pdf
consensus/plots_exploratory/lollipop_top50_MF_depth12.pdf,C:/Users/camilo/AppData/Local/EchoGO/EchoGO/echogo_demo/results/consensus/plots_exploratory/lollipop_top50_MF_depth12.pdf
consensus/plots_exploratory/lollipop_top50_MF_depth13.pdf,C:/Users/camilo/AppData/Local/EchoGO/EchoGO/echogo_demo/results/consensus/plots_exploratory/lollipop_top50_MF_depth13.pdf
consensus/plots_exploratory/lollipop_top50_MF_depth14.pdf,C:/Users/camilo/AppData/Local/EchoGO/EchoGO/echogo_demo/results/consensus/plots_exploratory/lollipop_top50_MF_depth14.pdf
consensus/plots_exploratory/lollipop_top50_MF_depth15.pdf,C:/Users/camilo/AppData/Local/EchoGO/EchoGO/echogo_demo/results/consensus/plots_exploratory/lollipop_top50_MF_depth15.pdf
consensus/plots_exploratory/lollipop_top50_MF_depth16.pdf,C:/Users/camilo/AppData/Local/EchoGO/EchoGO/echogo_demo/results/consensus/plots_exploratory/lollipop_top50_MF_depth16.pdf
consensus/plots_exploratory/lollipop_top50_MF_depth17.pdf,C:/Users/camilo/AppData/Local/EchoGO/EchoGO/echogo_demo/results/consensus/plots_exploratory/lollipop_top50_MF_depth17.pdf
consensus/plots_exploratory/lollipop_top50_MF_depth18.pdf,C:/Users/camilo/AppData/Local/EchoGO/EchoGO/echogo_demo/results/consensus/plots_exploratory/lollipop_top50_MF_depth18.pdf
consensus/plots_exploratory/lollipop_top50_MF_depth19.pdf,C:/Users/camilo/AppData/Local/EchoGO/EchoGO/echogo_demo/results/consensus/plots_exploratory/lollipop_top50_MF_depth19.pdf
consensus/plots_exploratory/lollipop_top50_MF_depth2.pdf,C:/Users/camilo/AppData/Local/EchoGO/EchoGO/echogo_demo/results/consensus/plots_exploratory/lollipop_top50_MF_depth2.pdf
consensus/plots_exploratory/lollipop_top50_MF_depth20.pdf,C:/Users/camilo/AppData/Local/EchoGO/EchoGO/echogo_demo/results/consensus/plots_exploratory/lollipop_top50_MF_depth20.pdf
consensus/plots_exploratory/lollipop_top50_MF_depth21.pdf,C:/Users/camilo/AppData/Local/EchoGO/EchoGO/echogo_demo/results/consensus/plots_exploratory/lollipop_top50_MF_depth21.pdf
consensus/plots_exploratory/lollipop_top50_MF_depth22.pdf,C:/Users/camilo/AppData/Local/EchoGO/EchoGO/echogo_demo/results/consensus/plots_exploratory/lollipop_top50_MF_depth22.pdf
consensus/plots_exploratory/lollipop_top50_MF_depth24.pdf,C:/Users/camilo/AppData/Local/EchoGO/EchoGO/echogo_demo/results/consensus/plots_exploratory/lollipop_top50_MF_depth24.pdf
consensus/plots_exploratory/lollipop_top50_MF_depth25.pdf,C:/Users/camilo/AppData/Local/EchoGO/EchoGO/echogo_demo/results/consensus/plots_exploratory/lollipop_top50_MF_depth25.pdf
consensus/plots_exploratory/lollipop_top50_MF_depth27.pdf,C:/Users/camilo/AppData/Local/EchoGO/EchoGO/echogo_demo/results/consensus/plots_exploratory/lollipop_top50_MF_depth27.pdf
consensus/plots_exploratory/lollipop_top50_MF_depth28.pdf,C:/Users/camilo/AppData/Local/EchoGO/EchoGO/echogo_demo/results/consensus/plots_exploratory/lollipop_top50_MF_depth28.pdf
consensus/plots_exploratory/lollipop_top50_MF_depth3.pdf,C:/Users/camilo/AppData/Local/EchoGO/EchoGO/echogo_demo/results/consensus/plots_exploratory/lollipop_top50_MF_depth3.pdf
consensus/plots_exploratory/lollipop_top50_MF_depth33.pdf,C:/Users/camilo/AppData/Local/EchoGO/EchoGO/echogo_demo/results/consensus/plots_exploratory/lollipop_top50_MF_depth33.pdf
consensus/plots_exploratory/lollipop_top50_MF_depth34.pdf,C:/Users/camilo/AppData/Local/EchoGO/EchoGO/echogo_demo/results/consensus/plots_exploratory/lollipop_top50_MF_depth34.pdf
consensus/plots_exploratory/lollipop_top50_MF_depth36.pdf,C:/Users/camilo/AppData/Local/EchoGO/EchoGO/echogo_demo/results/consensus/plots_exploratory/lollipop_top50_MF_depth36.pdf
consensus/plots_exploratory/lollipop_top50_MF_depth37.pdf,C:/Users/camilo/AppData/Local/EchoGO/EchoGO/echogo_demo/results/consensus/plots_exploratory/lollipop_top50_MF_depth37.pdf
consensus/plots_exploratory/lollipop_top50_MF_depth39.pdf,C:/Users/camilo/AppData/Local/EchoGO/EchoGO/echogo_demo/results/consensus/plots_exploratory/lollipop_top50_MF_depth39.pdf
consensus/plots_exploratory/lollipop_top50_MF_depth4.pdf,C:/Users/camilo/AppData/Local/EchoGO/EchoGO/echogo_demo/results/consensus/plots_exploratory/lollipop_top50_MF_depth4.pdf
consensus/plots_exploratory/lollipop_top50_MF_depth41.pdf,C:/Users/camilo/AppData/Local/EchoGO/EchoGO/echogo_demo/results/consensus/plots_exploratory/lollipop_top50_MF_depth41.pdf
consensus/plots_exploratory/lollipop_top50_MF_depth5.pdf,C:/Users/camilo/AppData/Local/EchoGO/EchoGO/echogo_demo/results/consensus/plots_exploratory/lollipop_top50_MF_depth5.pdf
consensus/plots_exploratory/lollipop_top50_MF_depth54.pdf,C:/Users/camilo/AppData/Local/EchoGO/EchoGO/echogo_demo/results/consensus/plots_exploratory/lollipop_top50_MF_depth54.pdf
consensus/plots_exploratory/lollipop_top50_MF_depth6.pdf,C:/Users/camilo/AppData/Local/EchoGO/EchoGO/echogo_demo/results/consensus/plots_exploratory/lollipop_top50_MF_depth6.pdf
consensus/plots_exploratory/lollipop_top50_MF_depth7.pdf,C:/Users/camilo/AppData/Local/EchoGO/EchoGO/echogo_demo/results/consensus/plots_exploratory/lollipop_top50_MF_depth7.pdf
consensus/plots_exploratory/lollipop_top50_MF_depth8.pdf,C:/Users/camilo/AppData/Local/EchoGO/EchoGO/echogo_demo/results/consensus/plots_exploratory/lollipop_top50_MF_depth8.pdf
consensus/plots_exploratory/lollipop_top50_MF_depth9.pdf,C:/Users/camilo/AppData/Local/EchoGO/EchoGO/echogo_demo/results/consensus/plots_exploratory/lollipop_top50_MF_depth9.pdf
consensus/plots_strict/lollipop_top50_BP_alldepths.pdf,C:/Users/camilo/AppData/Local/EchoGO/EchoGO/echogo_demo/results/consensus/plots_strict/lollipop_top50_BP_alldepths.pdf
consensus/plots_strict/lollipop_top50_BP_depth0.pdf,C:/Users/camilo/AppData/Local/EchoGO/EchoGO/echogo_demo/results/consensus/plots_strict/lollipop_top50_BP_depth0.pdf
consensus/plots_strict/lollipop_top50_BP_depth1.pdf,C:/Users/camilo/AppData/Local/EchoGO/EchoGO/echogo_demo/results/consensus/plots_strict/lollipop_top50_BP_depth1.pdf
consensus/plots_strict/lollipop_top50_BP_depth2.pdf,C:/Users/camilo/AppData/Local/EchoGO/EchoGO/echogo_demo/results/consensus/plots_strict/lollipop_top50_BP_depth2.pdf
consensus/plots_strict/lollipop_top50_CC_alldepths.pdf,C:/Users/camilo/AppData/Local/EchoGO/EchoGO/echogo_demo/results/consensus/plots_strict/lollipop_top50_CC_alldepths.pdf
consensus/plots_strict/lollipop_top50_CC_depth0.pdf,C:/Users/camilo/AppData/Local/EchoGO/EchoGO/echogo_demo/results/consensus/plots_strict/lollipop_top50_CC_depth0.pdf
consensus/plots_strict/lollipop_top50_CC_depth2.pdf,C:/Users/camilo/AppData/Local/EchoGO/EchoGO/echogo_demo/results/consensus/plots_strict/lollipop_top50_CC_depth2.pdf
consensus/plots_strict/lollipop_top50_CC_depth3.pdf,C:/Users/camilo/AppData/Local/EchoGO/EchoGO/echogo_demo/results/consensus/plots_strict/lollipop_top50_CC_depth3.pdf
consensus/plots_strict/lollipop_top50_MF_alldepths.pdf,C:/Users/camilo/AppData/Local/EchoGO/EchoGO/echogo_demo/results/consensus/plots_strict/lollipop_top50_MF_alldepths.pdf
consensus/plots_strict/lollipop_top50_MF_depth0.pdf,C:/Users/camilo/AppData/Local/EchoGO/EchoGO/echogo_demo/results/consensus/plots_strict/lollipop_top50_MF_depth0.pdf
consensus/plots_strict/lollipop_top50_MF_depth1.pdf,C:/Users/camilo/AppData/Local/EchoGO/EchoGO/echogo_demo/results/consensus/plots_strict/lollipop_top50_MF_depth1.pdf
consensus/plots_strict/lollipop_top50_MF_depth2.pdf,C:/Users/camilo/AppData/Local/EchoGO/EchoGO/echogo_demo/results/consensus/plots_strict/lollipop_top50_MF_depth2.pdf
consensus/plots_strict/lollipop_top50_MF_depth3.pdf,C:/Users/camilo/AppData/Local/EchoGO/EchoGO/echogo_demo/results/consensus/plots_strict/lollipop_top50_MF_depth3.pdf
evaluation/cumulative_by_origin_exploratory.xlsx,C:/Users/camilo/AppData/Local/EchoGO/EchoGO/echogo_demo/results/evaluation/cumulative_by_origin_exploratory.xlsx
evaluation/cumulative_by_origin_true_consensus.xlsx,C:/Users/camilo/AppData/Local/EchoGO/EchoGO/echogo_demo/results/evaluation/cumulative_by_origin_true_consensus.xlsx
evaluation/cumulative_curve_combined_exploratory.pdf,C:/Users/camilo/AppData/Local/EchoGO/EchoGO/echogo_demo/results/evaluation/cumulative_curve_combined_exploratory.pdf
evaluation/cumulative_curve_combined_true_consensus.pdf,C:/Users/camilo/AppData/Local/EchoGO/EchoGO/echogo_demo/results/evaluation/cumulative_curve_combined_true_consensus.pdf
evaluation/EQI_distribution_by_ontology.pdf,C:/Users/camilo/AppData/Local/EchoGO/EchoGO/echogo_demo/results/evaluation/EQI_distribution_by_ontology.pdf
evaluation/exploratory_no_bg/EQI_distribution_by_ontology.pdf,C:/Users/camilo/AppData/Local/EchoGO/EchoGO/echogo_demo/results/evaluation/exploratory_no_bg/EQI_distribution_by_ontology.pdf
evaluation/exploratory_no_bg/FoldEnrichment_distribution_by_ontology.pdf,C:/Users/camilo/AppData/Local/EchoGO/EchoGO/echogo_demo/results/evaluation/exploratory_no_bg/FoldEnrichment_distribution_by_ontology.pdf
evaluation/exploratory_no_bg/summary_consensus_vs_goseq.xlsx,C:/Users/camilo/AppData/Local/EchoGO/EchoGO/echogo_demo/results/evaluation/exploratory_no_bg/summary_consensus_vs_goseq.xlsx
evaluation/exploratory_no_bg/top50_jaccard_summary_no_bg.csv,C:/Users/camilo/AppData/Local/EchoGO/EchoGO/echogo_demo/results/evaluation/exploratory_no_bg/top50_jaccard_summary_no_bg.csv
evaluation/exploratory_no_bg/venn_all_significant_BP.pdf,C:/Users/camilo/AppData/Local/EchoGO/EchoGO/echogo_demo/results/evaluation/exploratory_no_bg/venn_all_significant_BP.pdf
evaluation/exploratory_no_bg/venn_all_significant_CC.pdf,C:/Users/camilo/AppData/Local/EchoGO/EchoGO/echogo_demo/results/evaluation/exploratory_no_bg/venn_all_significant_CC.pdf
evaluation/exploratory_no_bg/venn_all_significant_MF.pdf,C:/Users/camilo/AppData/Local/EchoGO/EchoGO/echogo_demo/results/evaluation/exploratory_no_bg/venn_all_significant_MF.pdf
evaluation/exploratory_no_bg/venn_top50_all.pdf,C:/Users/camilo/AppData/Local/EchoGO/EchoGO/echogo_demo/results/evaluation/exploratory_no_bg/venn_top50_all.pdf
evaluation/exploratory_no_bg/venn_top50_depth0.pdf,C:/Users/camilo/AppData/Local/EchoGO/EchoGO/echogo_demo/results/evaluation/exploratory_no_bg/venn_top50_depth0.pdf
evaluation/exploratory_no_bg/venn_top50_depth1.pdf,C:/Users/camilo/AppData/Local/EchoGO/EchoGO/echogo_demo/results/evaluation/exploratory_no_bg/venn_top50_depth1.pdf
evaluation/exploratory_no_bg/venn_top50_depth10.pdf,C:/Users/camilo/AppData/Local/EchoGO/EchoGO/echogo_demo/results/evaluation/exploratory_no_bg/venn_top50_depth10.pdf
evaluation/exploratory_no_bg/venn_top50_depth2.pdf,C:/Users/camilo/AppData/Local/EchoGO/EchoGO/echogo_demo/results/evaluation/exploratory_no_bg/venn_top50_depth2.pdf
evaluation/exploratory_no_bg/venn_top50_depth3.pdf,C:/Users/camilo/AppData/Local/EchoGO/EchoGO/echogo_demo/results/evaluation/exploratory_no_bg/venn_top50_depth3.pdf
evaluation/exploratory_no_bg/venn_top50_depth4.pdf,C:/Users/camilo/AppData/Local/EchoGO/EchoGO/echogo_demo/results/evaluation/exploratory_no_bg/venn_top50_depth4.pdf
evaluation/exploratory_no_bg/venn_top50_depth5.pdf,C:/Users/camilo/AppData/Local/EchoGO/EchoGO/echogo_demo/results/evaluation/exploratory_no_bg/venn_top50_depth5.pdf
evaluation/exploratory_no_bg/venn_top50_depth6.pdf,C:/Users/camilo/AppData/Local/EchoGO/EchoGO/echogo_demo/results/evaluation/exploratory_no_bg/venn_top50_depth6.pdf
evaluation/exploratory_no_bg/venn_top50_depth7.pdf,C:/Users/camilo/AppData/Local/EchoGO/EchoGO/echogo_demo/results/evaluation/exploratory_no_bg/venn_top50_depth7.pdf
evaluation/exploratory_no_bg/venn_top50_depth8.pdf,C:/Users/camilo/AppData/Local/EchoGO/EchoGO/echogo_demo/results/evaluation/exploratory_no_bg/venn_top50_depth8.pdf
evaluation/FoldEnrichment_distribution_by_ontology.pdf,C:/Users/camilo/AppData/Local/EchoGO/EchoGO/echogo_demo/results/evaluation/FoldEnrichment_distribution_by_ontology.pdf
evaluation/network_complexity_comparison.csv,C:/Users/camilo/AppData/Local/EchoGO/EchoGO/echogo_demo/results/evaluation/network_complexity_comparison.csv
evaluation/presence_absence_table.xlsx,C:/Users/camilo/AppData/Local/EchoGO/EchoGO/echogo_demo/results/evaluation/presence_absence_table.xlsx
evaluation/rarefaction_by_origin_exploratory.xlsx,C:/Users/camilo/AppData/Local/EchoGO/EchoGO/echogo_demo/results/evaluation/rarefaction_by_origin_exploratory.xlsx
evaluation/rarefaction_by_origin_true_consensus.xlsx,C:/Users/camilo/AppData/Local/EchoGO/EchoGO/echogo_demo/results/evaluation/rarefaction_by_origin_true_consensus.xlsx
evaluation/rarefaction_curve_by_origin_exploratory.pdf,C:/Users/camilo/AppData/Local/EchoGO/EchoGO/echogo_demo/results/evaluation/rarefaction_curve_by_origin_exploratory.pdf
evaluation/rarefaction_curve_by_origin_true_consensus.pdf,C:/Users/camilo/AppData/Local/EchoGO/EchoGO/echogo_demo/results/evaluation/rarefaction_curve_by_origin_true_consensus.pdf
evaluation/summary_consensus_vs_goseq.xlsx,C:/Users/camilo/AppData/Local/EchoGO/EchoGO/echogo_demo/results/evaluation/summary_consensus_vs_goseq.xlsx
evaluation/top50_jaccard_summary_with_bg.csv,C:/Users/camilo/AppData/Local/EchoGO/EchoGO/echogo_demo/results/evaluation/top50_jaccard_summary_with_bg.csv
evaluation/venn_all_significant_BP.pdf,C:/Users/camilo/AppData/Local/EchoGO/EchoGO/echogo_demo/results/evaluation/venn_all_significant_BP.pdf
evaluation/venn_all_significant_CC.pdf,C:/Users/camilo/AppData/Local/EchoGO/EchoGO/echogo_demo/results/evaluation/venn_all_significant_CC.pdf
evaluation/venn_all_significant_MF.pdf,C:/Users/camilo/AppData/Local/EchoGO/EchoGO/echogo_demo/results/evaluation/venn_all_significant_MF.pdf
evaluation/venn_top50_all.pdf,C:/Users/camilo/AppData/Local/EchoGO/EchoGO/echogo_demo/results/evaluation/venn_top50_all.pdf
evaluation/venn_top50_depth0.pdf,C:/Users/camilo/AppData/Local/EchoGO/EchoGO/echogo_demo/results/evaluation/venn_top50_depth0.pdf
evaluation/venn_top50_depth1.pdf,C:/Users/camilo/AppData/Local/EchoGO/EchoGO/echogo_demo/results/evaluation/venn_top50_depth1.pdf
evaluation/venn_top50_depth2.pdf,C:/Users/camilo/AppData/Local/EchoGO/EchoGO/echogo_demo/results/evaluation/venn_top50_depth2.pdf
evaluation/venn_top50_depth3.pdf,C:/Users/camilo/AppData/Local/EchoGO/EchoGO/echogo_demo/results/evaluation/venn_top50_depth3.pdf
goseq/GO_enrichment_supplementary_clean.csv,C:/Users/camilo/AppData/Local/EchoGO/EchoGO/echogo_demo/results/goseq/GO_enrichment_supplementary_clean.csv
goseq/GO_enrichment_supplementary_clean.xlsx,C:/Users/camilo/AppData/Local/EchoGO/EchoGO/echogo_demo/results/goseq/GO_enrichment_supplementary_clean.xlsx
goseq/GO_lollipop_allDepths_top50_BP.pdf,C:/Users/camilo/AppData/Local/EchoGO/EchoGO/echogo_demo/results/goseq/GO_lollipop_allDepths_top50_BP.pdf
goseq/GO_lollipop_allDepths_top50_CC.pdf,C:/Users/camilo/AppData/Local/EchoGO/EchoGO/echogo_demo/results/goseq/GO_lollipop_allDepths_top50_CC.pdf
goseq/GO_lollipop_allDepths_top50_MF.pdf,C:/Users/camilo/AppData/Local/EchoGO/EchoGO/echogo_demo/results/goseq/GO_lollipop_allDepths_top50_MF.pdf
goseq/GO_lollipop_depth0_BP.pdf,C:/Users/camilo/AppData/Local/EchoGO/EchoGO/echogo_demo/results/goseq/GO_lollipop_depth0_BP.pdf
goseq/GO_lollipop_depth0_CC.pdf,C:/Users/camilo/AppData/Local/EchoGO/EchoGO/echogo_demo/results/goseq/GO_lollipop_depth0_CC.pdf
goseq/GO_lollipop_depth0_MF.pdf,C:/Users/camilo/AppData/Local/EchoGO/EchoGO/echogo_demo/results/goseq/GO_lollipop_depth0_MF.pdf
goseq/GO_lollipop_depth1_BP.pdf,C:/Users/camilo/AppData/Local/EchoGO/EchoGO/echogo_demo/results/goseq/GO_lollipop_depth1_BP.pdf
goseq/GO_lollipop_depth1_CC.pdf,C:/Users/camilo/AppData/Local/EchoGO/EchoGO/echogo_demo/results/goseq/GO_lollipop_depth1_CC.pdf
goseq/GO_lollipop_depth1_MF.pdf,C:/Users/camilo/AppData/Local/EchoGO/EchoGO/echogo_demo/results/goseq/GO_lollipop_depth1_MF.pdf
goseq/GO_lollipop_depth10_BP.pdf,C:/Users/camilo/AppData/Local/EchoGO/EchoGO/echogo_demo/results/goseq/GO_lollipop_depth10_BP.pdf
goseq/GO_lollipop_depth10_CC.pdf,C:/Users/camilo/AppData/Local/EchoGO/EchoGO/echogo_demo/results/goseq/GO_lollipop_depth10_CC.pdf
goseq/GO_lollipop_depth10_MF.pdf,C:/Users/camilo/AppData/Local/EchoGO/EchoGO/echogo_demo/results/goseq/GO_lollipop_depth10_MF.pdf
goseq/GO_lollipop_depth2_BP.pdf,C:/Users/camilo/AppData/Local/EchoGO/EchoGO/echogo_demo/results/goseq/GO_lollipop_depth2_BP.pdf
goseq/GO_lollipop_depth2_CC.pdf,C:/Users/camilo/AppData/Local/EchoGO/EchoGO/echogo_demo/results/goseq/GO_lollipop_depth2_CC.pdf
goseq/GO_lollipop_depth2_MF.pdf,C:/Users/camilo/AppData/Local/EchoGO/EchoGO/echogo_demo/results/goseq/GO_lollipop_depth2_MF.pdf
goseq/GO_lollipop_depth3_BP.pdf,C:/Users/camilo/AppData/Local/EchoGO/EchoGO/echogo_demo/results/goseq/GO_lollipop_depth3_BP.pdf
goseq/GO_lollipop_depth3_CC.pdf,C:/Users/camilo/AppData/Local/EchoGO/EchoGO/echogo_demo/results/goseq/GO_lollipop_depth3_CC.pdf
goseq/GO_lollipop_depth3_MF.pdf,C:/Users/camilo/AppData/Local/EchoGO/EchoGO/echogo_demo/results/goseq/GO_lollipop_depth3_MF.pdf
goseq/GO_lollipop_depth4_BP.pdf,C:/Users/camilo/AppData/Local/EchoGO/EchoGO/echogo_demo/results/goseq/GO_lollipop_depth4_BP.pdf
goseq/GO_lollipop_depth4_CC.pdf,C:/Users/camilo/AppData/Local/EchoGO/EchoGO/echogo_demo/results/goseq/GO_lollipop_depth4_CC.pdf
goseq/GO_lollipop_depth4_MF.pdf,C:/Users/camilo/AppData/Local/EchoGO/EchoGO/echogo_demo/results/goseq/GO_lollipop_depth4_MF.pdf
goseq/GO_lollipop_depth5_BP.pdf,C:/Users/camilo/AppData/Local/EchoGO/EchoGO/echogo_demo/results/goseq/GO_lollipop_depth5_BP.pdf
goseq/GO_lollipop_depth5_CC.pdf,C:/Users/camilo/AppData/Local/EchoGO/EchoGO/echogo_demo/results/goseq/GO_lollipop_depth5_CC.pdf
goseq/GO_lollipop_depth5_MF.pdf,C:/Users/camilo/AppData/Local/EchoGO/EchoGO/echogo_demo/results/goseq/GO_lollipop_depth5_MF.pdf
goseq/GO_lollipop_depth6_BP.pdf,C:/Users/camilo/AppData/Local/EchoGO/EchoGO/echogo_demo/results/goseq/GO_lollipop_depth6_BP.pdf
goseq/GO_lollipop_depth6_CC.pdf,C:/Users/camilo/AppData/Local/EchoGO/EchoGO/echogo_demo/results/goseq/GO_lollipop_depth6_CC.pdf
goseq/GO_lollipop_depth6_MF.pdf,C:/Users/camilo/AppData/Local/EchoGO/EchoGO/echogo_demo/results/goseq/GO_lollipop_depth6_MF.pdf
goseq/GO_lollipop_depth7_BP.pdf,C:/Users/camilo/AppData/Local/EchoGO/EchoGO/echogo_demo/results/goseq/GO_lollipop_depth7_BP.pdf
goseq/GO_lollipop_depth7_CC.pdf,C:/Users/camilo/AppData/Local/EchoGO/EchoGO/echogo_demo/results/goseq/GO_lollipop_depth7_CC.pdf
goseq/GO_lollipop_depth7_MF.pdf,C:/Users/camilo/AppData/Local/EchoGO/EchoGO/echogo_demo/results/goseq/GO_lollipop_depth7_MF.pdf
goseq/GO_lollipop_depth8_BP.pdf,C:/Users/camilo/AppData/Local/EchoGO/EchoGO/echogo_demo/results/goseq/GO_lollipop_depth8_BP.pdf
goseq/GO_lollipop_depth8_CC.pdf,C:/Users/camilo/AppData/Local/EchoGO/EchoGO/echogo_demo/results/goseq/GO_lollipop_depth8_CC.pdf
goseq/GO_lollipop_depth8_MF.pdf,C:/Users/camilo/AppData/Local/EchoGO/EchoGO/echogo_demo/results/goseq/GO_lollipop_depth8_MF.pdf
goseq/GOseq_enrichment_full_annotated.csv,C:/Users/camilo/AppData/Local/EchoGO/EchoGO/echogo_demo/results/goseq/GOseq_enrichment_full_annotated.csv
goseq/GOseq_enrichment_full_annotated.xlsx,C:/Users/camilo/AppData/Local/EchoGO/EchoGO/echogo_demo/results/goseq/GOseq_enrichment_full_annotated.xlsx
goseq/GOseq_significance_summary.txt,C:/Users/camilo/AppData/Local/EchoGO/EchoGO/echogo_demo/results/goseq/GOseq_significance_summary.txt
gprofiler/gprofiler_enrichment_summary.csv,C:/Users/camilo/AppData/Local/EchoGO/EchoGO/echogo_demo/results/gprofiler/gprofiler_enrichment_summary.csv
gprofiler/no_background_genome_wide/gprofiler_drerio_nobg.csv,C:/Users/camilo/AppData/Local/EchoGO/EchoGO/echogo_demo/results/gprofiler/no_background_genome_wide/gprofiler_drerio_nobg.csv
gprofiler/no_background_genome_wide/gprofiler_drerio_nobg.xlsx,C:/Users/camilo/AppData/Local/EchoGO/EchoGO/echogo_demo/results/gprofiler/no_background_genome_wide/gprofiler_drerio_nobg.xlsx
gprofiler/no_background_genome_wide/gprofiler_drerio_nobg_GO_BP_lollipop.pdf,C:/Users/camilo/AppData/Local/EchoGO/EchoGO/echogo_demo/results/gprofiler/no_background_genome_wide/gprofiler_drerio_nobg_GO_BP_lollipop.pdf
gprofiler/no_background_genome_wide/gprofiler_drerio_nobg_GO_CC_lollipop.pdf,C:/Users/camilo/AppData/Local/EchoGO/EchoGO/echogo_demo/results/gprofiler/no_background_genome_wide/gprofiler_drerio_nobg_GO_CC_lollipop.pdf
gprofiler/no_background_genome_wide/gprofiler_drerio_nobg_GO_MF_lollipop.pdf,C:/Users/camilo/AppData/Local/EchoGO/EchoGO/echogo_demo/results/gprofiler/no_background_genome_wide/gprofiler_drerio_nobg_GO_MF_lollipop.pdf
gprofiler/no_background_genome_wide/gprofiler_hsapiens_nobg.csv,C:/Users/camilo/AppData/Local/EchoGO/EchoGO/echogo_demo/results/gprofiler/no_background_genome_wide/gprofiler_hsapiens_nobg.csv
gprofiler/no_background_genome_wide/gprofiler_hsapiens_nobg.xlsx,C:/Users/camilo/AppData/Local/EchoGO/EchoGO/echogo_demo/results/gprofiler/no_background_genome_wide/gprofiler_hsapiens_nobg.xlsx
gprofiler/no_background_genome_wide/gprofiler_hsapiens_nobg_GO_BP_lollipop.pdf,C:/Users/camilo/AppData/Local/EchoGO/EchoGO/echogo_demo/results/gprofiler/no_background_genome_wide/gprofiler_hsapiens_nobg_GO_BP_lollipop.pdf
gprofiler/no_background_genome_wide/gprofiler_hsapiens_nobg_GO_CC_lollipop.pdf,C:/Users/camilo/AppData/Local/EchoGO/EchoGO/echogo_demo/results/gprofiler/no_background_genome_wide/gprofiler_hsapiens_nobg_GO_CC_lollipop.pdf
gprofiler/no_background_genome_wide/gprofiler_hsapiens_nobg_GO_MF_lollipop.pdf,C:/Users/camilo/AppData/Local/EchoGO/EchoGO/echogo_demo/results/gprofiler/no_background_genome_wide/gprofiler_hsapiens_nobg_GO_MF_lollipop.pdf
gprofiler/no_background_genome_wide/gprofiler_mmusculus_nobg.csv,C:/Users/camilo/AppData/Local/EchoGO/EchoGO/echogo_demo/results/gprofiler/no_background_genome_wide/gprofiler_mmusculus_nobg.csv
gprofiler/no_background_genome_wide/gprofiler_mmusculus_nobg.xlsx,C:/Users/camilo/AppData/Local/EchoGO/EchoGO/echogo_demo/results/gprofiler/no_background_genome_wide/gprofiler_mmusculus_nobg.xlsx
gprofiler/no_background_genome_wide/gprofiler_mmusculus_nobg_GO_BP_lollipop.pdf,C:/Users/camilo/AppData/Local/EchoGO/EchoGO/echogo_demo/results/gprofiler/no_background_genome_wide/gprofiler_mmusculus_nobg_GO_BP_lollipop.pdf
gprofiler/no_background_genome_wide/gprofiler_mmusculus_nobg_GO_CC_lollipop.pdf,C:/Users/camilo/AppData/Local/EchoGO/EchoGO/echogo_demo/results/gprofiler/no_background_genome_wide/gprofiler_mmusculus_nobg_GO_CC_lollipop.pdf
gprofiler/no_background_genome_wide/gprofiler_mmusculus_nobg_GO_MF_lollipop.pdf,C:/Users/camilo/AppData/Local/EchoGO/EchoGO/echogo_demo/results/gprofiler/no_background_genome_wide/gprofiler_mmusculus_nobg_GO_MF_lollipop.pdf
gprofiler/with_custom_background/gprofiler_drerio_with_bg.csv,C:/Users/camilo/AppData/Local/EchoGO/EchoGO/echogo_demo/results/gprofiler/with_custom_background/gprofiler_drerio_with_bg.csv
gprofiler/with_custom_background/gprofiler_drerio_with_bg.xlsx,C:/Users/camilo/AppData/Local/EchoGO/EchoGO/echogo_demo/results/gprofiler/with_custom_background/gprofiler_drerio_with_bg.xlsx
gprofiler/with_custom_background/gprofiler_drerio_with_bg_GO_BP_lollipop.pdf,C:/Users/camilo/AppData/Local/EchoGO/EchoGO/echogo_demo/results/gprofiler/with_custom_background/gprofiler_drerio_with_bg_GO_BP_lollipop.pdf
gprofiler/with_custom_background/gprofiler_drerio_with_bg_GO_CC_lollipop.pdf,C:/Users/camilo/AppData/Local/EchoGO/EchoGO/echogo_demo/results/gprofiler/with_custom_background/gprofiler_drerio_with_bg_GO_CC_lollipop.pdf
gprofiler/with_custom_background/gprofiler_drerio_with_bg_GO_MF_lollipop.pdf,C:/Users/camilo/AppData/Local/EchoGO/EchoGO/echogo_demo/results/gprofiler/with_custom_background/gprofiler_drerio_with_bg_GO_MF_lollipop.pdf
gprofiler/with_custom_background/gprofiler_hsapiens_with_bg.csv,C:/Users/camilo/AppData/Local/EchoGO/EchoGO/echogo_demo/results/gprofiler/with_custom_background/gprofiler_hsapiens_with_bg.csv
gprofiler/with_custom_background/gprofiler_hsapiens_with_bg.xlsx,C:/Users/camilo/AppData/Local/EchoGO/EchoGO/echogo_demo/results/gprofiler/with_custom_background/gprofiler_hsapiens_with_bg.xlsx
gprofiler/with_custom_background/gprofiler_hsapiens_with_bg_GO_BP_lollipop.pdf,C:/Users/camilo/AppData/Local/EchoGO/EchoGO/echogo_demo/results/gprofiler/with_custom_background/gprofiler_hsapiens_with_bg_GO_BP_lollipop.pdf
gprofiler/with_custom_background/gprofiler_hsapiens_with_bg_GO_CC_lollipop.pdf,C:/Users/camilo/AppData/Local/EchoGO/EchoGO/echogo_demo/results/gprofiler/with_custom_background/gprofiler_hsapiens_with_bg_GO_CC_lollipop.pdf
gprofiler/with_custom_background/gprofiler_hsapiens_with_bg_GO_MF_lollipop.pdf,C:/Users/camilo/AppData/Local/EchoGO/EchoGO/echogo_demo/results/gprofiler/with_custom_background/gprofiler_hsapiens_with_bg_GO_MF_lollipop.pdf
gprofiler/with_custom_background/gprofiler_mmusculus_NO_SIGNIFICANT_RESULTS.txt,C:/Users/camilo/AppData/Local/EchoGO/EchoGO/echogo_demo/results/gprofiler/with_custom_background/gprofiler_mmusculus_NO_SIGNIFICANT_RESULTS.txt
gprofiler/with_custom_background/gprofiler_mmusculus_with_bg.csv,C:/Users/camilo/AppData/Local/EchoGO/EchoGO/echogo_demo/results/gprofiler/with_custom_background/gprofiler_mmusculus_with_bg.csv
gprofiler/with_custom_background/gprofiler_mmusculus_with_bg.xlsx,C:/Users/camilo/AppData/Local/EchoGO/EchoGO/echogo_demo/results/gprofiler/with_custom_background/gprofiler_mmusculus_with_bg.xlsx
networks/network_complexity_comparison.csv,C:/Users/camilo/AppData/Local/EchoGO/EchoGO/echogo_demo/results/networks/network_complexity_comparison.csv
networks/summary_with_bg.csv,C:/Users/camilo/AppData/Local/EchoGO/EchoGO/echogo_demo/results/networks/summary_with_bg.csv
networks/summary_with_bg_and_nobg.csv,C:/Users/camilo/AppData/Local/EchoGO/EchoGO/echogo_demo/results/networks/summary_with_bg_and_nobg.csv
networks/with_bg/network_BP_gene_count.graphml,C:/Users/camilo/AppData/Local/EchoGO/EchoGO/echogo_demo/results/networks/with_bg/network_BP_gene_count.graphml
networks/with_bg/network_BP_gene_count_filtered.html,C:/Users/camilo/AppData/Local/EchoGO/EchoGO/echogo_demo/results/networks/with_bg/network_BP_gene_count_filtered.html
networks/with_bg/network_BP_gene_count_filtered.pdf,C:/Users/camilo/AppData/Local/EchoGO/EchoGO/echogo_demo/results/networks/with_bg/network_BP_gene_count_filtered.pdf
networks/with_bg/network_BP_gene_count_filtered.svg,C:/Users/camilo/AppData/Local/EchoGO/EchoGO/echogo_demo/results/networks/with_bg/network_BP_gene_count_filtered.svg
networks/with_bg/network_BP_gene_count_filtered_files/htmltools-fill-0.5.8.1/fill.css,C:/Users/camilo/AppData/Local/EchoGO/EchoGO/echogo_demo/results/networks/with_bg/network_BP_gene_count_filtered_files/htmltools-fill-0.5.8.1/fill.css
networks/with_bg/network_BP_gene_count_filtered_files/htmlwidgets-1.6.4/htmlwidgets.js,C:/Users/camilo/AppData/Local/EchoGO/EchoGO/echogo_demo/results/networks/with_bg/network_BP_gene_count_filtered_files/htmlwidgets-1.6.4/htmlwidgets.js
networks/with_bg/network_BP_gene_count_filtered_files/vis-9.1.0/add_css.txt,C:/Users/camilo/AppData/Local/EchoGO/EchoGO/echogo_demo/results/networks/with_bg/network_BP_gene_count_filtered_files/vis-9.1.0/add_css.txt
networks/with_bg/network_BP_gene_count_filtered_files/vis-9.1.0/img/network/acceptDeleteIcon.png,C:/Users/camilo/AppData/Local/EchoGO/EchoGO/echogo_demo/results/networks/with_bg/network_BP_gene_count_filtered_files/vis-9.1.0/img/network/acceptDeleteIcon.png
networks/with_bg/network_BP_gene_count_filtered_files/vis-9.1.0/img/network/addNodeIcon.png,C:/Users/camilo/AppData/Local/EchoGO/EchoGO/echogo_demo/results/networks/with_bg/network_BP_gene_count_filtered_files/vis-9.1.0/img/network/addNodeIcon.png
networks/with_bg/network_BP_gene_count_filtered_files/vis-9.1.0/img/network/backIcon.png,C:/Users/camilo/AppData/Local/EchoGO/EchoGO/echogo_demo/results/networks/with_bg/network_BP_gene_count_filtered_files/vis-9.1.0/img/network/backIcon.png
networks/with_bg/network_BP_gene_count_filtered_files/vis-9.1.0/img/network/connectIcon.png,C:/Users/camilo/AppData/Local/EchoGO/EchoGO/echogo_demo/results/networks/with_bg/network_BP_gene_count_filtered_files/vis-9.1.0/img/network/connectIcon.png
networks/with_bg/network_BP_gene_count_filtered_files/vis-9.1.0/img/network/cross.png,C:/Users/camilo/AppData/Local/EchoGO/EchoGO/echogo_demo/results/networks/with_bg/network_BP_gene_count_filtered_files/vis-9.1.0/img/network/cross.png
networks/with_bg/network_BP_gene_count_filtered_files/vis-9.1.0/img/network/cross2.png,C:/Users/camilo/AppData/Local/EchoGO/EchoGO/echogo_demo/results/networks/with_bg/network_BP_gene_count_filtered_files/vis-9.1.0/img/network/cross2.png
networks/with_bg/network_BP_gene_count_filtered_files/vis-9.1.0/img/network/deleteIcon.png,C:/Users/camilo/AppData/Local/EchoGO/EchoGO/echogo_demo/results/networks/with_bg/network_BP_gene_count_filtered_files/vis-9.1.0/img/network/deleteIcon.png
networks/with_bg/network_BP_gene_count_filtered_files/vis-9.1.0/img/network/downArrow.png,C:/Users/camilo/AppData/Local/EchoGO/EchoGO/echogo_demo/results/networks/with_bg/network_BP_gene_count_filtered_files/vis-9.1.0/img/network/downArrow.png
networks/with_bg/network_BP_gene_count_filtered_files/vis-9.1.0/img/network/editIcon.png,C:/Users/camilo/AppData/Local/EchoGO/EchoGO/echogo_demo/results/networks/with_bg/network_BP_gene_count_filtered_files/vis-9.1.0/img/network/editIcon.png
networks/with_bg/network_BP_gene_count_filtered_files/vis-9.1.0/img/network/leftArrow.png,C:/Users/camilo/AppData/Local/EchoGO/EchoGO/echogo_demo/results/networks/with_bg/network_BP_gene_count_filtered_files/vis-9.1.0/img/network/leftArrow.png
networks/with_bg/network_BP_gene_count_filtered_files/vis-9.1.0/img/network/minus.png,C:/Users/camilo/AppData/Local/EchoGO/EchoGO/echogo_demo/results/networks/with_bg/network_BP_gene_count_filtered_files/vis-9.1.0/img/network/minus.png
networks/with_bg/network_BP_gene_count_filtered_files/vis-9.1.0/img/network/plus.png,C:/Users/camilo/AppData/Local/EchoGO/EchoGO/echogo_demo/results/networks/with_bg/network_BP_gene_count_filtered_files/vis-9.1.0/img/network/plus.png
networks/with_bg/network_BP_gene_count_filtered_files/vis-9.1.0/img/network/rightArrow.png,C:/Users/camilo/AppData/Local/EchoGO/EchoGO/echogo_demo/results/networks/with_bg/network_BP_gene_count_filtered_files/vis-9.1.0/img/network/rightArrow.png
networks/with_bg/network_BP_gene_count_filtered_files/vis-9.1.0/img/network/upArrow.png,C:/Users/camilo/AppData/Local/EchoGO/EchoGO/echogo_demo/results/networks/with_bg/network_BP_gene_count_filtered_files/vis-9.1.0/img/network/upArrow.png
networks/with_bg/network_BP_gene_count_filtered_files/vis-9.1.0/img/network/zoomExtends.png,C:/Users/camilo/AppData/Local/EchoGO/EchoGO/echogo_demo/results/networks/with_bg/network_BP_gene_count_filtered_files/vis-9.1.0/img/network/zoomExtends.png
networks/with_bg/network_BP_gene_count_filtered_files/vis-9.1.0/vis-network.min.css,C:/Users/camilo/AppData/Local/EchoGO/EchoGO/echogo_demo/results/networks/with_bg/network_BP_gene_count_filtered_files/vis-9.1.0/vis-network.min.css
networks/with_bg/network_BP_gene_count_filtered_files/vis-9.1.0/vis-network.min.js,C:/Users/camilo/AppData/Local/EchoGO/EchoGO/echogo_demo/results/networks/with_bg/network_BP_gene_count_filtered_files/vis-9.1.0/vis-network.min.js
networks/with_bg/network_BP_gene_count_filtered_files/visNetwork-binding-2.1.4/visNetwork.js,C:/Users/camilo/AppData/Local/EchoGO/EchoGO/echogo_demo/results/networks/with_bg/network_BP_gene_count_filtered_files/visNetwork-binding-2.1.4/visNetwork.js
networks/with_bg/network_CC_gene_count.graphml,C:/Users/camilo/AppData/Local/EchoGO/EchoGO/echogo_demo/results/networks/with_bg/network_CC_gene_count.graphml
networks/with_bg/network_CC_gene_count_filtered.html,C:/Users/camilo/AppData/Local/EchoGO/EchoGO/echogo_demo/results/networks/with_bg/network_CC_gene_count_filtered.html
networks/with_bg/network_CC_gene_count_filtered.pdf,C:/Users/camilo/AppData/Local/EchoGO/EchoGO/echogo_demo/results/networks/with_bg/network_CC_gene_count_filtered.pdf
networks/with_bg/network_CC_gene_count_filtered.svg,C:/Users/camilo/AppData/Local/EchoGO/EchoGO/echogo_demo/results/networks/with_bg/network_CC_gene_count_filtered.svg
networks/with_bg/network_CC_gene_count_filtered_files/htmltools-fill-0.5.8.1/fill.css,C:/Users/camilo/AppData/Local/EchoGO/EchoGO/echogo_demo/results/networks/with_bg/network_CC_gene_count_filtered_files/htmltools-fill-0.5.8.1/fill.css
networks/with_bg/network_CC_gene_count_filtered_files/htmlwidgets-1.6.4/htmlwidgets.js,C:/Users/camilo/AppData/Local/EchoGO/EchoGO/echogo_demo/results/networks/with_bg/network_CC_gene_count_filtered_files/htmlwidgets-1.6.4/htmlwidgets.js
networks/with_bg/network_CC_gene_count_filtered_files/vis-9.1.0/add_css.txt,C:/Users/camilo/AppData/Local/EchoGO/EchoGO/echogo_demo/results/networks/with_bg/network_CC_gene_count_filtered_files/vis-9.1.0/add_css.txt
networks/with_bg/network_CC_gene_count_filtered_files/vis-9.1.0/img/network/acceptDeleteIcon.png,C:/Users/camilo/AppData/Local/EchoGO/EchoGO/echogo_demo/results/networks/with_bg/network_CC_gene_count_filtered_files/vis-9.1.0/img/network/acceptDeleteIcon.png
networks/with_bg/network_CC_gene_count_filtered_files/vis-9.1.0/img/network/addNodeIcon.png,C:/Users/camilo/AppData/Local/EchoGO/EchoGO/echogo_demo/results/networks/with_bg/network_CC_gene_count_filtered_files/vis-9.1.0/img/network/addNodeIcon.png
networks/with_bg/network_CC_gene_count_filtered_files/vis-9.1.0/img/network/backIcon.png,C:/Users/camilo/AppData/Local/EchoGO/EchoGO/echogo_demo/results/networks/with_bg/network_CC_gene_count_filtered_files/vis-9.1.0/img/network/backIcon.png
networks/with_bg/network_CC_gene_count_filtered_files/vis-9.1.0/img/network/connectIcon.png,C:/Users/camilo/AppData/Local/EchoGO/EchoGO/echogo_demo/results/networks/with_bg/network_CC_gene_count_filtered_files/vis-9.1.0/img/network/connectIcon.png
networks/with_bg/network_CC_gene_count_filtered_files/vis-9.1.0/img/network/cross.png,C:/Users/camilo/AppData/Local/EchoGO/EchoGO/echogo_demo/results/networks/with_bg/network_CC_gene_count_filtered_files/vis-9.1.0/img/network/cross.png
networks/with_bg/network_CC_gene_count_filtered_files/vis-9.1.0/img/network/cross2.png,C:/Users/camilo/AppData/Local/EchoGO/EchoGO/echogo_demo/results/networks/with_bg/network_CC_gene_count_filtered_files/vis-9.1.0/img/network/cross2.png
networks/with_bg/network_CC_gene_count_filtered_files/vis-9.1.0/img/network/deleteIcon.png,C:/Users/camilo/AppData/Local/EchoGO/EchoGO/echogo_demo/results/networks/with_bg/network_CC_gene_count_filtered_files/vis-9.1.0/img/network/deleteIcon.png
networks/with_bg/network_CC_gene_count_filtered_files/vis-9.1.0/img/network/downArrow.png,C:/Users/camilo/AppData/Local/EchoGO/EchoGO/echogo_demo/results/networks/with_bg/network_CC_gene_count_filtered_files/vis-9.1.0/img/network/downArrow.png
networks/with_bg/network_CC_gene_count_filtered_files/vis-9.1.0/img/network/editIcon.png,C:/Users/camilo/AppData/Local/EchoGO/EchoGO/echogo_demo/results/networks/with_bg/network_CC_gene_count_filtered_files/vis-9.1.0/img/network/editIcon.png
networks/with_bg/network_CC_gene_count_filtered_files/vis-9.1.0/img/network/leftArrow.png,C:/Users/camilo/AppData/Local/EchoGO/EchoGO/echogo_demo/results/networks/with_bg/network_CC_gene_count_filtered_files/vis-9.1.0/img/network/leftArrow.png
networks/with_bg/network_CC_gene_count_filtered_files/vis-9.1.0/img/network/minus.png,C:/Users/camilo/AppData/Local/EchoGO/EchoGO/echogo_demo/results/networks/with_bg/network_CC_gene_count_filtered_files/vis-9.1.0/img/network/minus.png
networks/with_bg/network_CC_gene_count_filtered_files/vis-9.1.0/img/network/plus.png,C:/Users/camilo/AppData/Local/EchoGO/EchoGO/echogo_demo/results/networks/with_bg/network_CC_gene_count_filtered_files/vis-9.1.0/img/network/plus.png
networks/with_bg/network_CC_gene_count_filtered_files/vis-9.1.0/img/network/rightArrow.png,C:/Users/camilo/AppData/Local/EchoGO/EchoGO/echogo_demo/results/networks/with_bg/network_CC_gene_count_filtered_files/vis-9.1.0/img/network/rightArrow.png
networks/with_bg/network_CC_gene_count_filtered_files/vis-9.1.0/img/network/upArrow.png,C:/Users/camilo/AppData/Local/EchoGO/EchoGO/echogo_demo/results/networks/with_bg/network_CC_gene_count_filtered_files/vis-9.1.0/img/network/upArrow.png
networks/with_bg/network_CC_gene_count_filtered_files/vis-9.1.0/img/network/zoomExtends.png,C:/Users/camilo/AppData/Local/EchoGO/EchoGO/echogo_demo/results/networks/with_bg/network_CC_gene_count_filtered_files/vis-9.1.0/img/network/zoomExtends.png
networks/with_bg/network_CC_gene_count_filtered_files/vis-9.1.0/vis-network.min.css,C:/Users/camilo/AppData/Local/EchoGO/EchoGO/echogo_demo/results/networks/with_bg/network_CC_gene_count_filtered_files/vis-9.1.0/vis-network.min.css
networks/with_bg/network_CC_gene_count_filtered_files/vis-9.1.0/vis-network.min.js,C:/Users/camilo/AppData/Local/EchoGO/EchoGO/echogo_demo/results/networks/with_bg/network_CC_gene_count_filtered_files/vis-9.1.0/vis-network.min.js
networks/with_bg/network_CC_gene_count_filtered_files/visNetwork-binding-2.1.4/visNetwork.js,C:/Users/camilo/AppData/Local/EchoGO/EchoGO/echogo_demo/results/networks/with_bg/network_CC_gene_count_filtered_files/visNetwork-binding-2.1.4/visNetwork.js
networks/with_bg/network_MF_gene_count.graphml,C:/Users/camilo/AppData/Local/EchoGO/EchoGO/echogo_demo/results/networks/with_bg/network_MF_gene_count.graphml
networks/with_bg/network_MF_gene_count_filtered.html,C:/Users/camilo/AppData/Local/EchoGO/EchoGO/echogo_demo/results/networks/with_bg/network_MF_gene_count_filtered.html
networks/with_bg/network_MF_gene_count_filtered.pdf,C:/Users/camilo/AppData/Local/EchoGO/EchoGO/echogo_demo/results/networks/with_bg/network_MF_gene_count_filtered.pdf
networks/with_bg/network_MF_gene_count_filtered.svg,C:/Users/camilo/AppData/Local/EchoGO/EchoGO/echogo_demo/results/networks/with_bg/network_MF_gene_count_filtered.svg
networks/with_bg/network_MF_gene_count_filtered_files/htmltools-fill-0.5.8.1/fill.css,C:/Users/camilo/AppData/Local/EchoGO/EchoGO/echogo_demo/results/networks/with_bg/network_MF_gene_count_filtered_files/htmltools-fill-0.5.8.1/fill.css
networks/with_bg/network_MF_gene_count_filtered_files/htmlwidgets-1.6.4/htmlwidgets.js,C:/Users/camilo/AppData/Local/EchoGO/EchoGO/echogo_demo/results/networks/with_bg/network_MF_gene_count_filtered_files/htmlwidgets-1.6.4/htmlwidgets.js
networks/with_bg/network_MF_gene_count_filtered_files/vis-9.1.0/add_css.txt,C:/Users/camilo/AppData/Local/EchoGO/EchoGO/echogo_demo/results/networks/with_bg/network_MF_gene_count_filtered_files/vis-9.1.0/add_css.txt
networks/with_bg/network_MF_gene_count_filtered_files/vis-9.1.0/img/network/acceptDeleteIcon.png,C:/Users/camilo/AppData/Local/EchoGO/EchoGO/echogo_demo/results/networks/with_bg/network_MF_gene_count_filtered_files/vis-9.1.0/img/network/acceptDeleteIcon.png
networks/with_bg/network_MF_gene_count_filtered_files/vis-9.1.0/img/network/addNodeIcon.png,C:/Users/camilo/AppData/Local/EchoGO/EchoGO/echogo_demo/results/networks/with_bg/network_MF_gene_count_filtered_files/vis-9.1.0/img/network/addNodeIcon.png
networks/with_bg/network_MF_gene_count_filtered_files/vis-9.1.0/img/network/backIcon.png,C:/Users/camilo/AppData/Local/EchoGO/EchoGO/echogo_demo/results/networks/with_bg/network_MF_gene_count_filtered_files/vis-9.1.0/img/network/backIcon.png
networks/with_bg/network_MF_gene_count_filtered_files/vis-9.1.0/img/network/connectIcon.png,C:/Users/camilo/AppData/Local/EchoGO/EchoGO/echogo_demo/results/networks/with_bg/network_MF_gene_count_filtered_files/vis-9.1.0/img/network/connectIcon.png
networks/with_bg/network_MF_gene_count_filtered_files/vis-9.1.0/img/network/cross.png,C:/Users/camilo/AppData/Local/EchoGO/EchoGO/echogo_demo/results/networks/with_bg/network_MF_gene_count_filtered_files/vis-9.1.0/img/network/cross.png
networks/with_bg/network_MF_gene_count_filtered_files/vis-9.1.0/img/network/cross2.png,C:/Users/camilo/AppData/Local/EchoGO/EchoGO/echogo_demo/results/networks/with_bg/network_MF_gene_count_filtered_files/vis-9.1.0/img/network/cross2.png
networks/with_bg/network_MF_gene_count_filtered_files/vis-9.1.0/img/network/deleteIcon.png,C:/Users/camilo/AppData/Local/EchoGO/EchoGO/echogo_demo/results/networks/with_bg/network_MF_gene_count_filtered_files/vis-9.1.0/img/network/deleteIcon.png
networks/with_bg/network_MF_gene_count_filtered_files/vis-9.1.0/img/network/downArrow.png,C:/Users/camilo/AppData/Local/EchoGO/EchoGO/echogo_demo/results/networks/with_bg/network_MF_gene_count_filtered_files/vis-9.1.0/img/network/downArrow.png
networks/with_bg/network_MF_gene_count_filtered_files/vis-9.1.0/img/network/editIcon.png,C:/Users/camilo/AppData/Local/EchoGO/EchoGO/echogo_demo/results/networks/with_bg/network_MF_gene_count_filtered_files/vis-9.1.0/img/network/editIcon.png
networks/with_bg/network_MF_gene_count_filtered_files/vis-9.1.0/img/network/leftArrow.png,C:/Users/camilo/AppData/Local/EchoGO/EchoGO/echogo_demo/results/networks/with_bg/network_MF_gene_count_filtered_files/vis-9.1.0/img/network/leftArrow.png
networks/with_bg/network_MF_gene_count_filtered_files/vis-9.1.0/img/network/minus.png,C:/Users/camilo/AppData/Local/EchoGO/EchoGO/echogo_demo/results/networks/with_bg/network_MF_gene_count_filtered_files/vis-9.1.0/img/network/minus.png
networks/with_bg/network_MF_gene_count_filtered_files/vis-9.1.0/img/network/plus.png,C:/Users/camilo/AppData/Local/EchoGO/EchoGO/echogo_demo/results/networks/with_bg/network_MF_gene_count_filtered_files/vis-9.1.0/img/network/plus.png
networks/with_bg/network_MF_gene_count_filtered_files/vis-9.1.0/img/network/rightArrow.png,C:/Users/camilo/AppData/Local/EchoGO/EchoGO/echogo_demo/results/networks/with_bg/network_MF_gene_count_filtered_files/vis-9.1.0/img/network/rightArrow.png
networks/with_bg/network_MF_gene_count_filtered_files/vis-9.1.0/img/network/upArrow.png,C:/Users/camilo/AppData/Local/EchoGO/EchoGO/echogo_demo/results/networks/with_bg/network_MF_gene_count_filtered_files/vis-9.1.0/img/network/upArrow.png
networks/with_bg/network_MF_gene_count_filtered_files/vis-9.1.0/img/network/zoomExtends.png,C:/Users/camilo/AppData/Local/EchoGO/EchoGO/echogo_demo/results/networks/with_bg/network_MF_gene_count_filtered_files/vis-9.1.0/img/network/zoomExtends.png
networks/with_bg/network_MF_gene_count_filtered_files/vis-9.1.0/vis-network.min.css,C:/Users/camilo/AppData/Local/EchoGO/EchoGO/echogo_demo/results/networks/with_bg/network_MF_gene_count_filtered_files/vis-9.1.0/vis-network.min.css
networks/with_bg/network_MF_gene_count_filtered_files/vis-9.1.0/vis-network.min.js,C:/Users/camilo/AppData/Local/EchoGO/EchoGO/echogo_demo/results/networks/with_bg/network_MF_gene_count_filtered_files/vis-9.1.0/vis-network.min.js
networks/with_bg/network_MF_gene_count_filtered_files/visNetwork-binding-2.1.4/visNetwork.js,C:/Users/camilo/AppData/Local/EchoGO/EchoGO/echogo_demo/results/networks/with_bg/network_MF_gene_count_filtered_files/visNetwork-binding-2.1.4/visNetwork.js
networks/with_bg_and_nobg/network_BP_gene_count.graphml,C:/Users/camilo/AppData/Local/EchoGO/EchoGO/echogo_demo/results/networks/with_bg_and_nobg/network_BP_gene_count.graphml
networks/with_bg_and_nobg/network_BP_gene_count_filtered.html,C:/Users/camilo/AppData/Local/EchoGO/EchoGO/echogo_demo/results/networks/with_bg_and_nobg/network_BP_gene_count_filtered.html
networks/with_bg_and_nobg/network_BP_gene_count_filtered.pdf,C:/Users/camilo/AppData/Local/EchoGO/EchoGO/echogo_demo/results/networks/with_bg_and_nobg/network_BP_gene_count_filtered.pdf
networks/with_bg_and_nobg/network_BP_gene_count_filtered.svg,C:/Users/camilo/AppData/Local/EchoGO/EchoGO/echogo_demo/results/networks/with_bg_and_nobg/network_BP_gene_count_filtered.svg
networks/with_bg_and_nobg/network_BP_gene_count_filtered_files/htmltools-fill-0.5.8.1/fill.css,C:/Users/camilo/AppData/Local/EchoGO/EchoGO/echogo_demo/results/networks/with_bg_and_nobg/network_BP_gene_count_filtered_files/htmltools-fill-0.5.8.1/fill.css
networks/with_bg_and_nobg/network_BP_gene_count_filtered_files/htmlwidgets-1.6.4/htmlwidgets.js,C:/Users/camilo/AppData/Local/EchoGO/EchoGO/echogo_demo/results/networks/with_bg_and_nobg/network_BP_gene_count_filtered_files/htmlwidgets-1.6.4/htmlwidgets.js
networks/with_bg_and_nobg/network_BP_gene_count_filtered_files/vis-9.1.0/add_css.txt,C:/Users/camilo/AppData/Local/EchoGO/EchoGO/echogo_demo/results/networks/with_bg_and_nobg/network_BP_gene_count_filtered_files/vis-9.1.0/add_css.txt
networks/with_bg_and_nobg/network_BP_gene_count_filtered_files/vis-9.1.0/img/network/acceptDeleteIcon.png,C:/Users/camilo/AppData/Local/EchoGO/EchoGO/echogo_demo/results/networks/with_bg_and_nobg/network_BP_gene_count_filtered_files/vis-9.1.0/img/network/acceptDeleteIcon.png
networks/with_bg_and_nobg/network_BP_gene_count_filtered_files/vis-9.1.0/img/network/addNodeIcon.png,C:/Users/camilo/AppData/Local/EchoGO/EchoGO/echogo_demo/results/networks/with_bg_and_nobg/network_BP_gene_count_filtered_files/vis-9.1.0/img/network/addNodeIcon.png
networks/with_bg_and_nobg/network_BP_gene_count_filtered_files/vis-9.1.0/img/network/backIcon.png,C:/Users/camilo/AppData/Local/EchoGO/EchoGO/echogo_demo/results/networks/with_bg_and_nobg/network_BP_gene_count_filtered_files/vis-9.1.0/img/network/backIcon.png
networks/with_bg_and_nobg/network_BP_gene_count_filtered_files/vis-9.1.0/img/network/connectIcon.png,C:/Users/camilo/AppData/Local/EchoGO/EchoGO/echogo_demo/results/networks/with_bg_and_nobg/network_BP_gene_count_filtered_files/vis-9.1.0/img/network/connectIcon.png
networks/with_bg_and_nobg/network_BP_gene_count_filtered_files/vis-9.1.0/img/network/cross.png,C:/Users/camilo/AppData/Local/EchoGO/EchoGO/echogo_demo/results/networks/with_bg_and_nobg/network_BP_gene_count_filtered_files/vis-9.1.0/img/network/cross.png
networks/with_bg_and_nobg/network_BP_gene_count_filtered_files/vis-9.1.0/img/network/cross2.png,C:/Users/camilo/AppData/Local/EchoGO/EchoGO/echogo_demo/results/networks/with_bg_and_nobg/network_BP_gene_count_filtered_files/vis-9.1.0/img/network/cross2.png
networks/with_bg_and_nobg/network_BP_gene_count_filtered_files/vis-9.1.0/img/network/deleteIcon.png,C:/Users/camilo/AppData/Local/EchoGO/EchoGO/echogo_demo/results/networks/with_bg_and_nobg/network_BP_gene_count_filtered_files/vis-9.1.0/img/network/deleteIcon.png
networks/with_bg_and_nobg/network_BP_gene_count_filtered_files/vis-9.1.0/img/network/downArrow.png,C:/Users/camilo/AppData/Local/EchoGO/EchoGO/echogo_demo/results/networks/with_bg_and_nobg/network_BP_gene_count_filtered_files/vis-9.1.0/img/network/downArrow.png
networks/with_bg_and_nobg/network_BP_gene_count_filtered_files/vis-9.1.0/img/network/editIcon.png,C:/Users/camilo/AppData/Local/EchoGO/EchoGO/echogo_demo/results/networks/with_bg_and_nobg/network_BP_gene_count_filtered_files/vis-9.1.0/img/network/editIcon.png
networks/with_bg_and_nobg/network_BP_gene_count_filtered_files/vis-9.1.0/img/network/leftArrow.png,C:/Users/camilo/AppData/Local/EchoGO/EchoGO/echogo_demo/results/networks/with_bg_and_nobg/network_BP_gene_count_filtered_files/vis-9.1.0/img/network/leftArrow.png
networks/with_bg_and_nobg/network_BP_gene_count_filtered_files/vis-9.1.0/img/network/minus.png,C:/Users/camilo/AppData/Local/EchoGO/EchoGO/echogo_demo/results/networks/with_bg_and_nobg/network_BP_gene_count_filtered_files/vis-9.1.0/img/network/minus.png
networks/with_bg_and_nobg/network_BP_gene_count_filtered_files/vis-9.1.0/img/network/plus.png,C:/Users/camilo/AppData/Local/EchoGO/EchoGO/echogo_demo/results/networks/with_bg_and_nobg/network_BP_gene_count_filtered_files/vis-9.1.0/img/network/plus.png
networks/with_bg_and_nobg/network_BP_gene_count_filtered_files/vis-9.1.0/img/network/rightArrow.png,C:/Users/camilo/AppData/Local/EchoGO/EchoGO/echogo_demo/results/networks/with_bg_and_nobg/network_BP_gene_count_filtered_files/vis-9.1.0/img/network/rightArrow.png
networks/with_bg_and_nobg/network_BP_gene_count_filtered_files/vis-9.1.0/img/network/upArrow.png,C:/Users/camilo/AppData/Local/EchoGO/EchoGO/echogo_demo/results/networks/with_bg_and_nobg/network_BP_gene_count_filtered_files/vis-9.1.0/img/network/upArrow.png
networks/with_bg_and_nobg/network_BP_gene_count_filtered_files/vis-9.1.0/img/network/zoomExtends.png,C:/Users/camilo/AppData/Local/EchoGO/EchoGO/echogo_demo/results/networks/with_bg_and_nobg/network_BP_gene_count_filtered_files/vis-9.1.0/img/network/zoomExtends.png
networks/with_bg_and_nobg/network_BP_gene_count_filtered_files/vis-9.1.0/vis-network.min.css,C:/Users/camilo/AppData/Local/EchoGO/EchoGO/echogo_demo/results/networks/with_bg_and_nobg/network_BP_gene_count_filtered_files/vis-9.1.0/vis-network.min.css
networks/with_bg_and_nobg/network_BP_gene_count_filtered_files/vis-9.1.0/vis-network.min.js,C:/Users/camilo/AppData/Local/EchoGO/EchoGO/echogo_demo/results/networks/with_bg_and_nobg/network_BP_gene_count_filtered_files/vis-9.1.0/vis-network.min.js
networks/with_bg_and_nobg/network_BP_gene_count_filtered_files/visNetwork-binding-2.1.4/visNetwork.js,C:/Users/camilo/AppData/Local/EchoGO/EchoGO/echogo_demo/results/networks/with_bg_and_nobg/network_BP_gene_count_filtered_files/visNetwork-binding-2.1.4/visNetwork.js
networks/with_bg_and_nobg/network_CC_gene_count.graphml,C:/Users/camilo/AppData/Local/EchoGO/EchoGO/echogo_demo/results/networks/with_bg_and_nobg/network_CC_gene_count.graphml
networks/with_bg_and_nobg/network_CC_gene_count_filtered.html,C:/Users/camilo/AppData/Local/EchoGO/EchoGO/echogo_demo/results/networks/with_bg_and_nobg/network_CC_gene_count_filtered.html
networks/with_bg_and_nobg/network_CC_gene_count_filtered.pdf,C:/Users/camilo/AppData/Local/EchoGO/EchoGO/echogo_demo/results/networks/with_bg_and_nobg/network_CC_gene_count_filtered.pdf
networks/with_bg_and_nobg/network_CC_gene_count_filtered.svg,C:/Users/camilo/AppData/Local/EchoGO/EchoGO/echogo_demo/results/networks/with_bg_and_nobg/network_CC_gene_count_filtered.svg
networks/with_bg_and_nobg/network_CC_gene_count_filtered_files/htmltools-fill-0.5.8.1/fill.css,C:/Users/camilo/AppData/Local/EchoGO/EchoGO/echogo_demo/results/networks/with_bg_and_nobg/network_CC_gene_count_filtered_files/htmltools-fill-0.5.8.1/fill.css
networks/with_bg_and_nobg/network_CC_gene_count_filtered_files/htmlwidgets-1.6.4/htmlwidgets.js,C:/Users/camilo/AppData/Local/EchoGO/EchoGO/echogo_demo/results/networks/with_bg_and_nobg/network_CC_gene_count_filtered_files/htmlwidgets-1.6.4/htmlwidgets.js
networks/with_bg_and_nobg/network_CC_gene_count_filtered_files/vis-9.1.0/add_css.txt,C:/Users/camilo/AppData/Local/EchoGO/EchoGO/echogo_demo/results/networks/with_bg_and_nobg/network_CC_gene_count_filtered_files/vis-9.1.0/add_css.txt
networks/with_bg_and_nobg/network_CC_gene_count_filtered_files/vis-9.1.0/img/network/acceptDeleteIcon.png,C:/Users/camilo/AppData/Local/EchoGO/EchoGO/echogo_demo/results/networks/with_bg_and_nobg/network_CC_gene_count_filtered_files/vis-9.1.0/img/network/acceptDeleteIcon.png
networks/with_bg_and_nobg/network_CC_gene_count_filtered_files/vis-9.1.0/img/network/addNodeIcon.png,C:/Users/camilo/AppData/Local/EchoGO/EchoGO/echogo_demo/results/networks/with_bg_and_nobg/network_CC_gene_count_filtered_files/vis-9.1.0/img/network/addNodeIcon.png
networks/with_bg_and_nobg/network_CC_gene_count_filtered_files/vis-9.1.0/img/network/backIcon.png,C:/Users/camilo/AppData/Local/EchoGO/EchoGO/echogo_demo/results/networks/with_bg_and_nobg/network_CC_gene_count_filtered_files/vis-9.1.0/img/network/backIcon.png
networks/with_bg_and_nobg/network_CC_gene_count_filtered_files/vis-9.1.0/img/network/connectIcon.png,C:/Users/camilo/AppData/Local/EchoGO/EchoGO/echogo_demo/results/networks/with_bg_and_nobg/network_CC_gene_count_filtered_files/vis-9.1.0/img/network/connectIcon.png
networks/with_bg_and_nobg/network_CC_gene_count_filtered_files/vis-9.1.0/img/network/cross.png,C:/Users/camilo/AppData/Local/EchoGO/EchoGO/echogo_demo/results/networks/with_bg_and_nobg/network_CC_gene_count_filtered_files/vis-9.1.0/img/network/cross.png
networks/with_bg_and_nobg/network_CC_gene_count_filtered_files/vis-9.1.0/img/network/cross2.png,C:/Users/camilo/AppData/Local/EchoGO/EchoGO/echogo_demo/results/networks/with_bg_and_nobg/network_CC_gene_count_filtered_files/vis-9.1.0/img/network/cross2.png
networks/with_bg_and_nobg/network_CC_gene_count_filtered_files/vis-9.1.0/img/network/deleteIcon.png,C:/Users/camilo/AppData/Local/EchoGO/EchoGO/echogo_demo/results/networks/with_bg_and_nobg/network_CC_gene_count_filtered_files/vis-9.1.0/img/network/deleteIcon.png
networks/with_bg_and_nobg/network_CC_gene_count_filtered_files/vis-9.1.0/img/network/downArrow.png,C:/Users/camilo/AppData/Local/EchoGO/EchoGO/echogo_demo/results/networks/with_bg_and_nobg/network_CC_gene_count_filtered_files/vis-9.1.0/img/network/downArrow.png
networks/with_bg_and_nobg/network_CC_gene_count_filtered_files/vis-9.1.0/img/network/editIcon.png,C:/Users/camilo/AppData/Local/EchoGO/EchoGO/echogo_demo/results/networks/with_bg_and_nobg/network_CC_gene_count_filtered_files/vis-9.1.0/img/network/editIcon.png
networks/with_bg_and_nobg/network_CC_gene_count_filtered_files/vis-9.1.0/img/network/leftArrow.png,C:/Users/camilo/AppData/Local/EchoGO/EchoGO/echogo_demo/results/networks/with_bg_and_nobg/network_CC_gene_count_filtered_files/vis-9.1.0/img/network/leftArrow.png
networks/with_bg_and_nobg/network_CC_gene_count_filtered_files/vis-9.1.0/img/network/minus.png,C:/Users/camilo/AppData/Local/EchoGO/EchoGO/echogo_demo/results/networks/with_bg_and_nobg/network_CC_gene_count_filtered_files/vis-9.1.0/img/network/minus.png
networks/with_bg_and_nobg/network_CC_gene_count_filtered_files/vis-9.1.0/img/network/plus.png,C:/Users/camilo/AppData/Local/EchoGO/EchoGO/echogo_demo/results/networks/with_bg_and_nobg/network_CC_gene_count_filtered_files/vis-9.1.0/img/network/plus.png
networks/with_bg_and_nobg/network_CC_gene_count_filtered_files/vis-9.1.0/img/network/rightArrow.png,C:/Users/camilo/AppData/Local/EchoGO/EchoGO/echogo_demo/results/networks/with_bg_and_nobg/network_CC_gene_count_filtered_files/vis-9.1.0/img/network/rightArrow.png
networks/with_bg_and_nobg/network_CC_gene_count_filtered_files/vis-9.1.0/img/network/upArrow.png,C:/Users/camilo/AppData/Local/EchoGO/EchoGO/echogo_demo/results/networks/with_bg_and_nobg/network_CC_gene_count_filtered_files/vis-9.1.0/img/network/upArrow.png
networks/with_bg_and_nobg/network_CC_gene_count_filtered_files/vis-9.1.0/img/network/zoomExtends.png,C:/Users/camilo/AppData/Local/EchoGO/EchoGO/echogo_demo/results/networks/with_bg_and_nobg/network_CC_gene_count_filtered_files/vis-9.1.0/img/network/zoomExtends.png
networks/with_bg_and_nobg/network_CC_gene_count_filtered_files/vis-9.1.0/vis-network.min.css,C:/Users/camilo/AppData/Local/EchoGO/EchoGO/echogo_demo/results/networks/with_bg_and_nobg/network_CC_gene_count_filtered_files/vis-9.1.0/vis-network.min.css
networks/with_bg_and_nobg/network_CC_gene_count_filtered_files/vis-9.1.0/vis-network.min.js,C:/Users/camilo/AppData/Local/EchoGO/EchoGO/echogo_demo/results/networks/with_bg_and_nobg/network_CC_gene_count_filtered_files/vis-9.1.0/vis-network.min.js
networks/with_bg_and_nobg/network_CC_gene_count_filtered_files/visNetwork-binding-2.1.4/visNetwork.js,C:/Users/camilo/AppData/Local/EchoGO/EchoGO/echogo_demo/results/networks/with_bg_and_nobg/network_CC_gene_count_filtered_files/visNetwork-binding-2.1.4/visNetwork.js
networks/with_bg_and_nobg/network_MF_gene_count.graphml,C:/Users/camilo/AppData/Local/EchoGO/EchoGO/echogo_demo/results/networks/with_bg_and_nobg/network_MF_gene_count.graphml
networks/with_bg_and_nobg/network_MF_gene_count_filtered.html,C:/Users/camilo/AppData/Local/EchoGO/EchoGO/echogo_demo/results/networks/with_bg_and_nobg/network_MF_gene_count_filtered.html
networks/with_bg_and_nobg/network_MF_gene_count_filtered.pdf,C:/Users/camilo/AppData/Local/EchoGO/EchoGO/echogo_demo/results/networks/with_bg_and_nobg/network_MF_gene_count_filtered.pdf
networks/with_bg_and_nobg/network_MF_gene_count_filtered.svg,C:/Users/camilo/AppData/Local/EchoGO/EchoGO/echogo_demo/results/networks/with_bg_and_nobg/network_MF_gene_count_filtered.svg
networks/with_bg_and_nobg/network_MF_gene_count_filtered_files/htmltools-fill-0.5.8.1/fill.css,C:/Users/camilo/AppData/Local/EchoGO/EchoGO/echogo_demo/results/networks/with_bg_and_nobg/network_MF_gene_count_filtered_files/htmltools-fill-0.5.8.1/fill.css
networks/with_bg_and_nobg/network_MF_gene_count_filtered_files/htmlwidgets-1.6.4/htmlwidgets.js,C:/Users/camilo/AppData/Local/EchoGO/EchoGO/echogo_demo/results/networks/with_bg_and_nobg/network_MF_gene_count_filtered_files/htmlwidgets-1.6.4/htmlwidgets.js
networks/with_bg_and_nobg/network_MF_gene_count_filtered_files/vis-9.1.0/add_css.txt,C:/Users/camilo/AppData/Local/EchoGO/EchoGO/echogo_demo/results/networks/with_bg_and_nobg/network_MF_gene_count_filtered_files/vis-9.1.0/add_css.txt
networks/with_bg_and_nobg/network_MF_gene_count_filtered_files/vis-9.1.0/img/network/acceptDeleteIcon.png,C:/Users/camilo/AppData/Local/EchoGO/EchoGO/echogo_demo/results/networks/with_bg_and_nobg/network_MF_gene_count_filtered_files/vis-9.1.0/img/network/acceptDeleteIcon.png
networks/with_bg_and_nobg/network_MF_gene_count_filtered_files/vis-9.1.0/img/network/addNodeIcon.png,C:/Users/camilo/AppData/Local/EchoGO/EchoGO/echogo_demo/results/networks/with_bg_and_nobg/network_MF_gene_count_filtered_files/vis-9.1.0/img/network/addNodeIcon.png
networks/with_bg_and_nobg/network_MF_gene_count_filtered_files/vis-9.1.0/img/network/backIcon.png,C:/Users/camilo/AppData/Local/EchoGO/EchoGO/echogo_demo/results/networks/with_bg_and_nobg/network_MF_gene_count_filtered_files/vis-9.1.0/img/network/backIcon.png
networks/with_bg_and_nobg/network_MF_gene_count_filtered_files/vis-9.1.0/img/network/connectIcon.png,C:/Users/camilo/AppData/Local/EchoGO/EchoGO/echogo_demo/results/networks/with_bg_and_nobg/network_MF_gene_count_filtered_files/vis-9.1.0/img/network/connectIcon.png
networks/with_bg_and_nobg/network_MF_gene_count_filtered_files/vis-9.1.0/img/network/cross.png,C:/Users/camilo/AppData/Local/EchoGO/EchoGO/echogo_demo/results/networks/with_bg_and_nobg/network_MF_gene_count_filtered_files/vis-9.1.0/img/network/cross.png
networks/with_bg_and_nobg/network_MF_gene_count_filtered_files/vis-9.1.0/img/network/cross2.png,C:/Users/camilo/AppData/Local/EchoGO/EchoGO/echogo_demo/results/networks/with_bg_and_nobg/network_MF_gene_count_filtered_files/vis-9.1.0/img/network/cross2.png
networks/with_bg_and_nobg/network_MF_gene_count_filtered_files/vis-9.1.0/img/network/deleteIcon.png,C:/Users/camilo/AppData/Local/EchoGO/EchoGO/echogo_demo/results/networks/with_bg_and_nobg/network_MF_gene_count_filtered_files/vis-9.1.0/img/network/deleteIcon.png
networks/with_bg_and_nobg/network_MF_gene_count_filtered_files/vis-9.1.0/img/network/downArrow.png,C:/Users/camilo/AppData/Local/EchoGO/EchoGO/echogo_demo/results/networks/with_bg_and_nobg/network_MF_gene_count_filtered_files/vis-9.1.0/img/network/downArrow.png
networks/with_bg_and_nobg/network_MF_gene_count_filtered_files/vis-9.1.0/img/network/editIcon.png,C:/Users/camilo/AppData/Local/EchoGO/EchoGO/echogo_demo/results/networks/with_bg_and_nobg/network_MF_gene_count_filtered_files/vis-9.1.0/img/network/editIcon.png
networks/with_bg_and_nobg/network_MF_gene_count_filtered_files/vis-9.1.0/img/network/leftArrow.png,C:/Users/camilo/AppData/Local/EchoGO/EchoGO/echogo_demo/results/networks/with_bg_and_nobg/network_MF_gene_count_filtered_files/vis-9.1.0/img/network/leftArrow.png
networks/with_bg_and_nobg/network_MF_gene_count_filtered_files/vis-9.1.0/img/network/minus.png,C:/Users/camilo/AppData/Local/EchoGO/EchoGO/echogo_demo/results/networks/with_bg_and_nobg/network_MF_gene_count_filtered_files/vis-9.1.0/img/network/minus.png
networks/with_bg_and_nobg/network_MF_gene_count_filtered_files/vis-9.1.0/img/network/plus.png,C:/Users/camilo/AppData/Local/EchoGO/EchoGO/echogo_demo/results/networks/with_bg_and_nobg/network_MF_gene_count_filtered_files/vis-9.1.0/img/network/plus.png
networks/with_bg_and_nobg/network_MF_gene_count_filtered_files/vis-9.1.0/img/network/rightArrow.png,C:/Users/camilo/AppData/Local/EchoGO/EchoGO/echogo_demo/results/networks/with_bg_and_nobg/network_MF_gene_count_filtered_files/vis-9.1.0/img/network/rightArrow.png
networks/with_bg_and_nobg/network_MF_gene_count_filtered_files/vis-9.1.0/img/network/upArrow.png,C:/Users/camilo/AppData/Local/EchoGO/EchoGO/echogo_demo/results/networks/with_bg_and_nobg/network_MF_gene_count_filtered_files/vis-9.1.0/img/network/upArrow.png
networks/with_bg_and_nobg/network_MF_gene_count_filtered_files/vis-9.1.0/img/network/zoomExtends.png,C:/Users/camilo/AppData/Local/EchoGO/EchoGO/echogo_demo/results/networks/with_bg_and_nobg/network_MF_gene_count_filtered_files/vis-9.1.0/img/network/zoomExtends.png
networks/with_bg_and_nobg/network_MF_gene_count_filtered_files/vis-9.1.0/vis-network.min.css,C:/Users/camilo/AppData/Local/EchoGO/EchoGO/echogo_demo/results/networks/with_bg_and_nobg/network_MF_gene_count_filtered_files/vis-9.1.0/vis-network.min.css
networks/with_bg_and_nobg/network_MF_gene_count_filtered_files/vis-9.1.0/vis-network.min.js,C:/Users/camilo/AppData/Local/EchoGO/EchoGO/echogo_demo/results/networks/with_bg_and_nobg/network_MF_gene_count_filtered_files/vis-9.1.0/vis-network.min.js
networks/with_bg_and_nobg/network_MF_gene_count_filtered_files/visNetwork-binding-2.1.4/visNetwork.js,C:/Users/camilo/AppData/Local/EchoGO/EchoGO/echogo_demo/results/networks/with_bg_and_nobg/network_MF_gene_count_filtered_files/visNetwork-binding-2.1.4/visNetwork.js
rrvgo/rrvgo_exploratory_all_significant/OrgDb=org.Mm.eg.db/rrvgo_BP_bubbleplot.pdf,C:/Users/camilo/AppData/Local/EchoGO/EchoGO/echogo_demo/results/rrvgo/rrvgo_exploratory_all_significant/OrgDb=org.Mm.eg.db/rrvgo_BP_bubbleplot.pdf
rrvgo/rrvgo_exploratory_all_significant/OrgDb=org.Mm.eg.db/rrvgo_BP_clusters.csv,C:/Users/camilo/AppData/Local/EchoGO/EchoGO/echogo_demo/results/rrvgo/rrvgo_exploratory_all_significant/OrgDb=org.Mm.eg.db/rrvgo_BP_clusters.csv
rrvgo/rrvgo_exploratory_all_significant/OrgDb=org.Mm.eg.db/rrvgo_BP_heatmap.pdf,C:/Users/camilo/AppData/Local/EchoGO/EchoGO/echogo_demo/results/rrvgo/rrvgo_exploratory_all_significant/OrgDb=org.Mm.eg.db/rrvgo_BP_heatmap.pdf
rrvgo/rrvgo_exploratory_all_significant/OrgDb=org.Mm.eg.db/rrvgo_BP_scatterplot.pdf,C:/Users/camilo/AppData/Local/EchoGO/EchoGO/echogo_demo/results/rrvgo/rrvgo_exploratory_all_significant/OrgDb=org.Mm.eg.db/rrvgo_BP_scatterplot.pdf
rrvgo/rrvgo_exploratory_all_significant/OrgDb=org.Mm.eg.db/rrvgo_BP_treemap.pdf,C:/Users/camilo/AppData/Local/EchoGO/EchoGO/echogo_demo/results/rrvgo/rrvgo_exploratory_all_significant/OrgDb=org.Mm.eg.db/rrvgo_BP_treemap.pdf
rrvgo/rrvgo_exploratory_all_significant/OrgDb=org.Mm.eg.db/rrvgo_BP_wordcloud.pdf,C:/Users/camilo/AppData/Local/EchoGO/EchoGO/echogo_demo/results/rrvgo/rrvgo_exploratory_all_significant/OrgDb=org.Mm.eg.db/rrvgo_BP_wordcloud.pdf
rrvgo/rrvgo_exploratory_all_significant/OrgDb=org.Mm.eg.db/rrvgo_CC_bubbleplot.pdf,C:/Users/camilo/AppData/Local/EchoGO/EchoGO/echogo_demo/results/rrvgo/rrvgo_exploratory_all_significant/OrgDb=org.Mm.eg.db/rrvgo_CC_bubbleplot.pdf
rrvgo/rrvgo_exploratory_all_significant/OrgDb=org.Mm.eg.db/rrvgo_CC_clusters.csv,C:/Users/camilo/AppData/Local/EchoGO/EchoGO/echogo_demo/results/rrvgo/rrvgo_exploratory_all_significant/OrgDb=org.Mm.eg.db/rrvgo_CC_clusters.csv
rrvgo/rrvgo_exploratory_all_significant/OrgDb=org.Mm.eg.db/rrvgo_CC_heatmap.pdf,C:/Users/camilo/AppData/Local/EchoGO/EchoGO/echogo_demo/results/rrvgo/rrvgo_exploratory_all_significant/OrgDb=org.Mm.eg.db/rrvgo_CC_heatmap.pdf
rrvgo/rrvgo_exploratory_all_significant/OrgDb=org.Mm.eg.db/rrvgo_CC_scatterplot.pdf,C:/Users/camilo/AppData/Local/EchoGO/EchoGO/echogo_demo/results/rrvgo/rrvgo_exploratory_all_significant/OrgDb=org.Mm.eg.db/rrvgo_CC_scatterplot.pdf
rrvgo/rrvgo_exploratory_all_significant/OrgDb=org.Mm.eg.db/rrvgo_CC_treemap.pdf,C:/Users/camilo/AppData/Local/EchoGO/EchoGO/echogo_demo/results/rrvgo/rrvgo_exploratory_all_significant/OrgDb=org.Mm.eg.db/rrvgo_CC_treemap.pdf
rrvgo/rrvgo_exploratory_all_significant/OrgDb=org.Mm.eg.db/rrvgo_CC_wordcloud.pdf,C:/Users/camilo/AppData/Local/EchoGO/EchoGO/echogo_demo/results/rrvgo/rrvgo_exploratory_all_significant/OrgDb=org.Mm.eg.db/rrvgo_CC_wordcloud.pdf
rrvgo/rrvgo_exploratory_all_significant/OrgDb=org.Mm.eg.db/rrvgo_MF_bubbleplot.pdf,C:/Users/camilo/AppData/Local/EchoGO/EchoGO/echogo_demo/results/rrvgo/rrvgo_exploratory_all_significant/OrgDb=org.Mm.eg.db/rrvgo_MF_bubbleplot.pdf
rrvgo/rrvgo_exploratory_all_significant/OrgDb=org.Mm.eg.db/rrvgo_MF_clusters.csv,C:/Users/camilo/AppData/Local/EchoGO/EchoGO/echogo_demo/results/rrvgo/rrvgo_exploratory_all_significant/OrgDb=org.Mm.eg.db/rrvgo_MF_clusters.csv
rrvgo/rrvgo_exploratory_all_significant/OrgDb=org.Mm.eg.db/rrvgo_MF_heatmap.pdf,C:/Users/camilo/AppData/Local/EchoGO/EchoGO/echogo_demo/results/rrvgo/rrvgo_exploratory_all_significant/OrgDb=org.Mm.eg.db/rrvgo_MF_heatmap.pdf
rrvgo/rrvgo_exploratory_all_significant/OrgDb=org.Mm.eg.db/rrvgo_MF_scatterplot.pdf,C:/Users/camilo/AppData/Local/EchoGO/EchoGO/echogo_demo/results/rrvgo/rrvgo_exploratory_all_significant/OrgDb=org.Mm.eg.db/rrvgo_MF_scatterplot.pdf
rrvgo/rrvgo_exploratory_all_significant/OrgDb=org.Mm.eg.db/rrvgo_MF_treemap.pdf,C:/Users/camilo/AppData/Local/EchoGO/EchoGO/echogo_demo/results/rrvgo/rrvgo_exploratory_all_significant/OrgDb=org.Mm.eg.db/rrvgo_MF_treemap.pdf
rrvgo/rrvgo_exploratory_all_significant/OrgDb=org.Mm.eg.db/rrvgo_MF_wordcloud.pdf,C:/Users/camilo/AppData/Local/EchoGO/EchoGO/echogo_demo/results/rrvgo/rrvgo_exploratory_all_significant/OrgDb=org.Mm.eg.db/rrvgo_MF_wordcloud.pdf
rrvgo/rrvgo_true_consensus_with_bg/OrgDb=org.Mm.eg.db/rrvgo_BP_bubbleplot.pdf,C:/Users/camilo/AppData/Local/EchoGO/EchoGO/echogo_demo/results/rrvgo/rrvgo_true_consensus_with_bg/OrgDb=org.Mm.eg.db/rrvgo_BP_bubbleplot.pdf
rrvgo/rrvgo_true_consensus_with_bg/OrgDb=org.Mm.eg.db/rrvgo_BP_clusters.csv,C:/Users/camilo/AppData/Local/EchoGO/EchoGO/echogo_demo/results/rrvgo/rrvgo_true_consensus_with_bg/OrgDb=org.Mm.eg.db/rrvgo_BP_clusters.csv
rrvgo/rrvgo_true_consensus_with_bg/OrgDb=org.Mm.eg.db/rrvgo_BP_heatmap.pdf,C:/Users/camilo/AppData/Local/EchoGO/EchoGO/echogo_demo/results/rrvgo/rrvgo_true_consensus_with_bg/OrgDb=org.Mm.eg.db/rrvgo_BP_heatmap.pdf
rrvgo/rrvgo_true_consensus_with_bg/OrgDb=org.Mm.eg.db/rrvgo_BP_scatterplot.pdf,C:/Users/camilo/AppData/Local/EchoGO/EchoGO/echogo_demo/results/rrvgo/rrvgo_true_consensus_with_bg/OrgDb=org.Mm.eg.db/rrvgo_BP_scatterplot.pdf
rrvgo/rrvgo_true_consensus_with_bg/OrgDb=org.Mm.eg.db/rrvgo_BP_treemap.pdf,C:/Users/camilo/AppData/Local/EchoGO/EchoGO/echogo_demo/results/rrvgo/rrvgo_true_consensus_with_bg/OrgDb=org.Mm.eg.db/rrvgo_BP_treemap.pdf
rrvgo/rrvgo_true_consensus_with_bg/OrgDb=org.Mm.eg.db/rrvgo_BP_wordcloud.pdf,C:/Users/camilo/AppData/Local/EchoGO/EchoGO/echogo_demo/results/rrvgo/rrvgo_true_consensus_with_bg/OrgDb=org.Mm.eg.db/rrvgo_BP_wordcloud.pdf
rrvgo/rrvgo_true_consensus_with_bg/OrgDb=org.Mm.eg.db/rrvgo_CC_bubbleplot.pdf,C:/Users/camilo/AppData/Local/EchoGO/EchoGO/echogo_demo/results/rrvgo/rrvgo_true_consensus_with_bg/OrgDb=org.Mm.eg.db/rrvgo_CC_bubbleplot.pdf
rrvgo/rrvgo_true_consensus_with_bg/OrgDb=org.Mm.eg.db/rrvgo_CC_clusters.csv,C:/Users/camilo/AppData/Local/EchoGO/EchoGO/echogo_demo/results/rrvgo/rrvgo_true_consensus_with_bg/OrgDb=org.Mm.eg.db/rrvgo_CC_clusters.csv
rrvgo/rrvgo_true_consensus_with_bg/OrgDb=org.Mm.eg.db/rrvgo_CC_heatmap.pdf,C:/Users/camilo/AppData/Local/EchoGO/EchoGO/echogo_demo/results/rrvgo/rrvgo_true_consensus_with_bg/OrgDb=org.Mm.eg.db/rrvgo_CC_heatmap.pdf
rrvgo/rrvgo_true_consensus_with_bg/OrgDb=org.Mm.eg.db/rrvgo_CC_scatterplot.pdf,C:/Users/camilo/AppData/Local/EchoGO/EchoGO/echogo_demo/results/rrvgo/rrvgo_true_consensus_with_bg/OrgDb=org.Mm.eg.db/rrvgo_CC_scatterplot.pdf
rrvgo/rrvgo_true_consensus_with_bg/OrgDb=org.Mm.eg.db/rrvgo_CC_treemap.pdf,C:/Users/camilo/AppData/Local/EchoGO/EchoGO/echogo_demo/results/rrvgo/rrvgo_true_consensus_with_bg/OrgDb=org.Mm.eg.db/rrvgo_CC_treemap.pdf
rrvgo/rrvgo_true_consensus_with_bg/OrgDb=org.Mm.eg.db/rrvgo_CC_wordcloud.pdf,C:/Users/camilo/AppData/Local/EchoGO/EchoGO/echogo_demo/results/rrvgo/rrvgo_true_consensus_with_bg/OrgDb=org.Mm.eg.db/rrvgo_CC_wordcloud.pdf
rrvgo/rrvgo_true_consensus_with_bg/OrgDb=org.Mm.eg.db/rrvgo_MF_bubbleplot.pdf,C:/Users/camilo/AppData/Local/EchoGO/EchoGO/echogo_demo/results/rrvgo/rrvgo_true_consensus_with_bg/OrgDb=org.Mm.eg.db/rrvgo_MF_bubbleplot.pdf
rrvgo/rrvgo_true_consensus_with_bg/OrgDb=org.Mm.eg.db/rrvgo_MF_clusters.csv,C:/Users/camilo/AppData/Local/EchoGO/EchoGO/echogo_demo/results/rrvgo/rrvgo_true_consensus_with_bg/OrgDb=org.Mm.eg.db/rrvgo_MF_clusters.csv
rrvgo/rrvgo_true_consensus_with_bg/OrgDb=org.Mm.eg.db/rrvgo_MF_heatmap.pdf,C:/Users/camilo/AppData/Local/EchoGO/EchoGO/echogo_demo/results/rrvgo/rrvgo_true_consensus_with_bg/OrgDb=org.Mm.eg.db/rrvgo_MF_heatmap.pdf
rrvgo/rrvgo_true_consensus_with_bg/OrgDb=org.Mm.eg.db/rrvgo_MF_scatterplot.pdf,C:/Users/camilo/AppData/Local/EchoGO/EchoGO/echogo_demo/results/rrvgo/rrvgo_true_consensus_with_bg/OrgDb=org.Mm.eg.db/rrvgo_MF_scatterplot.pdf
rrvgo/rrvgo_true_consensus_with_bg/OrgDb=org.Mm.eg.db/rrvgo_MF_treemap.pdf,C:/Users/camilo/AppData/Local/EchoGO/EchoGO/echogo_demo/results/rrvgo/rrvgo_true_consensus_with_bg/OrgDb=org.Mm.eg.db/rrvgo_MF_treemap.pdf
rrvgo/rrvgo_true_consensus_with_bg/OrgDb=org.Mm.eg.db/rrvgo_MF_wordcloud.pdf,C:/Users/camilo/AppData/Local/EchoGO/EchoGO/echogo_demo/results/rrvgo/rrvgo_true_consensus_with_bg/OrgDb=org.Mm.eg.db/rrvgo_MF_wordcloud.pdf
